,unix_timestamp,cgal_constexpr_count,abseil-cpp_constexpr_count,boost_container_constexpr_count,boost_multiprecision_constexpr_count,dlib_constexpr_count,eigen_constexpr_count,fmt_constexpr_count,folly_constexpr_count,gcc_constexpr_count,googletest_constexpr_count,libcudacxx_constexpr_count,llvm-project_constexpr_count,opencv_constexpr_count,openvdb_constexpr_count,pcl_constexpr_count,poco_constexpr_count,protobuf_constexpr_count,qtbase_constexpr_count,STL_constexpr_count
0,856385054,0,,,,,,,,,,,,,,,,,,
1,866045711,0,,,,,,,,,,,,,,,,,,
2,939324314,0,,,,,,,,,,,,,,,,,,
3,939563802,0,,,,,,,,,,,,,,,,,,
4,976633680,0,,,,,,,,,,,,,,,,,,
5,977328131,0,,,,,,,,,,,,,,,,,,
6,993048201,0,,,,,,,,,,,,,,,,,,
7,993074125,0,,,,,,,,,,,,,,,,,,
8,1002899250,0,,,,,,,,,,,,,,,,,,
9,1003933781,0,,,,,,,,,,,,,,,,,,
10,1017736899,0,,,,,,,,,,,,,,,,,,
11,1017925513,0,,,,,,,,,,,,,,,,,,
12,1034108422,0,,,,,,,,,,,,,,,,,,
13,1034322982,0,,,,,,,,,,,,,,,,,,
14,1051143361,0,,,,,,,,,,,,,,,,,,
15,1051598683,0,,,,,,,,,,,,,,,,,,
16,1060618623,0,,,,,,,,,,,,,,,,,,
17,1060778249,0,,,,,,,,,,,,,,,,,,
18,1071764737,0,,,,,,,,,,,,,,,,,,
19,1073296360,0,,,,,,,,,,,,,,,,,,
20,1090504416,0,,,,,,,,,,,,,,,,,,
21,1091637687,0,,,,,,,,,,,,,,,,,,
22,1117705641,0,,,,,,,,,,,,,,,,,,
23,1118231509,0,,,,,,,,,,,,,,,,,,
24,1133101336,0,,,,,,,,,,,,,,,,,,
25,1133293352,0,,,,,,,,,,,,,,,,,,
26,1142243775,0,,,,,,,,,,,,,,,,,,
27,1142341882,0,,,,,,,,,,,,,,,,,,
28,1152869589,0,,,,,,,,,,,,,,,,,,
29,1153231016,0,,,,,,,,,,,,,,,,,,
30,1165994385,0,,,,,,,,,,,,,,,,,,
31,1166428716,0,,,,,,,,,,,,,,,,,,
32,1175628061,0,,,,,,,,,,,,,,,,,,
33,1175759208,0,,,,,,,,,,,,,,,,,,
34,1197556246,0,,,,,,,,,,,,,,,,,,
35,1197966218,0,,,,,,,,,,,,,,,,,,
36,1215708671,0,,,,,,,,,,,,,,,,,,
37,1216040330,0,,,,,,,,,,,,,,,,,,
38,1225968043,0,,,,,,,,,,,,,,,,,,
39,1226070608,0,,,,,,,,,,,,,,,,,,
40,1246624352,0,,,,,,,,,,,,,,,,,,
41,1246895027,0,,,,,,,,,,,,,,,,,,
42,1275060947,0,,,,,,,,,,,,,,,,,,
43,1276243545,0,,,,,,,,,,,,,,,,,,
44,1306847007,0,,,,,,,,,,,,,,,,,,
45,1307116219,0,,,,,,,,,,,,,,,,,,
46,1332852101,0,,,,,,,,,,,,,,,,,,
47,1333470435,0,,,,,,,,,,,,,,,,,,
48,1347636882,0,,,,,,,,,,,,,,,,,,
49,1347986003,0,,,,,,,,,,,,,,,,,,
50,1360260462,0,,,,,,,,,,,,,,,,,,
51,1360575747,0,,,,,,,,,,,,,,,,,,
52,1372251050,0,,,,,,,,,,,,,,,,,,
53,1372425493,0,,,,,,,,,,,,,,,,,,
54,1384186764,0,,,,,,,,,,,,,,,,,,
55,1384424686,0,,,,,,,,,,,,,,,,,,
56,1404303381,0,,,,,,,,,,,,,,,,,,
57,1404390567,0,,,,,,,,,,,,,,,,,,
58,1420551111,1,,,,,,,,,,,,,,,,,,
59,1420624958,1,,,,,,,,,,,,,,,,,,
60,1433282760,1,,,,,,,,,,,,,,,,,,
61,1433512732,1,,,,,,,,,,,,,,,,,,
62,1438152254,1,,,,,,,,,,,,,,,,,,
63,1438270112,1,,,,,,,,,,,,,,,,,,
64,1451381547,1,,,,,,,,,,,,,,,,,,
65,1451578415,1,,,,,,,,,,,,,,,,,,
66,1461683454,1,,,,,,,,,,,,,,,,,,
67,1461759483,1,,,,,,,,,,,,,,,,,,
68,1475673060,1,,,,,,,,,,,,,,,,,,
69,1475740549,1,,,,,,,,,,,,,,,,,,
70,1487076308,1,,,,,,,,,,,,,,,,,,
71,1487588738,1,,,,,,,,,,,,,,,,,,
72,1496920990,1,,,,,,,,,,,,,,,,,,
73,1496925446,1,,,,,,,,,,,,,,,,,,
74,1501858582,1,,,,,,,,,,,,,,,,,,
75,1502267464,1,,,,,,,,,,,,,,,,,,
76,1516182093,1,,,,,,,,,,,,,,,,,,
77,1516226892,1,,,,,,,,,,,,,,,,,,
78,1528104508,1,,,,,,,,,,,,,,,,,,
79,1528199511,1,,,,,,,,,,,,,,,,,,
80,1543306203,1,,,,,,,,,,,,,,,,,,
81,1543492687,1,,,,,,,,,,,,,,,,,,
82,1553010571,1,,,,,,,,,,,,,,,,,,
83,1553173554,1,,,,,,,,,,,,,,,,,,
84,1567168067,1,,,,,,,,,,,,,,,,,,
85,1567599492,1,,,,,,,,,,,,,,,,,,
86,1583319979,39,,,,,,,,,,,,,,,,,,
87,1583416252,38,,,,,,,,,,,,,,,,,,
88,1593706267,53,,,,,,,,,,,,,,,,,,
89,1593786087,53,,,,,,,,,,,,,,,,,,
90,1603368369,76,,,,,,,,,,,,,,,,,,
91,1603728021,40,,,,,,,,,,,,,,,,,,
92,1617714704,86,,,,,,,,,,,,,,,,,,
93,1617779922,89,,,,,,,,,,,,,,,,,,
94,1633072781,103,,,,,,,,,,,,,,,,,,
95,1633419647,98,,,,,,,,,,,,,,,,,,
96,1653379736,130,,,,,,,,,,,,,,,,,,
97,1653581169,104,,,,,,,,,,,,,,,,,,
98,1670249979,169,,,,,,,,,,,,,,,,,,
99,1670426985,170,,,,,,,,,,,,,,,,,,
100,1695883168,188,,,,,,,,,,,,,,,,,,
0,1506969799,,543,,,,,,,,,,,,,,,,,
1,1508266209,,547,,,,,,,,,,,,,,,,,
2,1510159482,,555,,,,,,,,,,,,,,,,,
3,1512159620,,561,,,,,,,,,,,,,,,,,
4,1515018882,,586,,,,,,,,,,,,,,,,,
5,1517259365,,584,,,,,,,,,,,,,,,,,
6,1518553413,,608,,,,,,,,,,,,,,,,,
7,1522852951,,614,,,,,,,,,,,,,,,,,
8,1525899501,,782,,,,,,,,,,,,,,,,,
9,1529501193,,841,,,,,,,,,,,,,,,,,
10,1531874568,,996,,,,,,,,,,,,,,,,,
11,1533565760,,1023,,,,,,,,,,,,,,,,,
12,1536688428,,1024,,,,,,,,,,,,,,,,,
13,1539099228,,1124,,,,,,,,,,,,,,,,,
14,1540414048,,1131,,,,,,,,,,,,,,,,,
15,1543958877,,1143,,,,,,,,,,,,,,,,,
16,1547057368,,1160,,,,,,,,,,,,,,,,,
17,1551221321,,1162,,,,,,,,,,,,,,,,,
18,1554408478,,1157,,,,,,,,,,,,,,,,,
19,1558530427,,1257,,,,,,,,,,,,,,,,,
20,1561056841,,1267,,,,,,,,,,,,,,,,,
21,1564092152,,1549,,,,,,,,,,,,,,,,,
22,1566586093,,1577,,,,,,,,,,,,,,,,,
23,1570120322,,1581,,,,,,,,,,,,,,,,,
24,1573834576,,1604,,,,,,,,,,,,,,,,,
25,1578426644,,1839,,,,,,,,,,,,,,,,,
26,1582231021,,1887,,,,,,,,,,,,,,,,,
27,1584385898,,1894,,,,,,,,,,,,,,,,,
28,1587401802,,1922,,,,,,,,,,,,,,,,,
29,1589503746,,1969,,,,,,,,,,,,,,,,,
30,1592338541,,1948,,,,,,,,,,,,,,,,,
31,1594996377,,1979,,,,,,,,,,,,,,,,,
32,1597950571,,1997,,,,,,,,,,,,,,,,,
33,1601418000,,2001,,,,,,,,,,,,,,,,,
34,1603990275,,2032,,,,,,,,,,,,,,,,,
35,1607028058,,2037,,,,,,,,,,,,,,,,,
36,1610470631,,2068,,,,,,,,,,,,,,,,,
37,1613633892,,2093,,,,,,,,,,,,,,,,,
38,1616684720,,2097,,,,,,,,,,,,,,,,,
39,1619541321,,2132,,,,,,,,,,,,,,,,,
40,1622668790,,2156,,,,,,,,,,,,,,,,,
41,1628256095,,2178,,,,,,,,,,,,,,,,,
42,1631279550,,2254,,,,,,,,,,,,,,,,,
43,1633726989,,2261,,,,,,,,,,,,,,,,,
44,1637005412,,2267,,,,,,,,,,,,,,,,,
45,1641566574,,2275,,,,,,,,,,,,,,,,,
46,1645133085,,2276,,,,,,,,,,,,,,,,,
47,1648151774,,2283,,,,,,,,,,,,,,,,,
48,1650901293,,2285,,,,,,,,,,,,,,,,,
49,1652777024,,2290,,,,,,,,,,,,,,,,,
50,1653675187,,2294,,,,,,,,,,,,,,,,,
51,1654531820,,2319,,,,,,,,,,,,,,,,,
52,1655227455,,2326,,,,,,,,,,,,,,,,,
53,1655919593,,2341,,,,,,,,,,,,,,,,,
54,1657727082,,2343,,,,,,,,,,,,,,,,,
55,1658855790,,2346,,,,,,,,,,,,,,,,,
56,1660242200,,2347,,,,,,,,,,,,,,,,,
57,1661196369,,2347,,,,,,,,,,,,,,,,,
58,1662059975,,2384,,,,,,,,,,,,,,,,,
59,1662668843,,2382,,,,,,,,,,,,,,,,,
60,1663707048,,2392,,,,,,,,,,,,,,,,,
61,1664554602,,2407,,,,,,,,,,,,,,,,,
62,1665003084,,2407,,,,,,,,,,,,,,,,,
63,1665673484,,2412,,,,,,,,,,,,,,,,,
64,1666721325,,2411,,,,,,,,,,,,,,,,,
65,1667486140,,2408,,,,,,,,,,,,,,,,,
66,1668122982,,2457,,,,,,,,,,,,,,,,,
67,1669046509,,2461,,,,,,,,,,,,,,,,,
68,1669747645,,2453,,,,,,,,,,,,,,,,,
69,1670426119,,2465,,,,,,,,,,,,,,,,,
70,1671140957,,2469,,,,,,,,,,,,,,,,,
71,1671745696,,2477,,,,,,,,,,,,,,,,,
72,1673287111,,2477,,,,,,,,,,,,,,,,,
73,1674125672,,2484,,,,,,,,,,,,,,,,,
74,1674660271,,2499,,,,,,,,,,,,,,,,,
75,1675353920,,2501,,,,,,,,,,,,,,,,,
76,1676475668,,2514,,,,,,,,,,,,,,,,,
77,1677082386,,2515,,,,,,,,,,,,,,,,,
78,1677722259,,2505,,,,,,,,,,,,,,,,,
79,1678752347,,2515,,,,,,,,,,,,,,,,,
80,1679580680,,2530,,,,,,,,,,,,,,,,,
81,1680207383,,2530,,,,,,,,,,,,,,,,,
82,1681142156,,2535,,,,,,,,,,,,,,,,,
83,1681850938,,2532,,,,,,,,,,,,,,,,,
84,1682975294,,2545,,,,,,,,,,,,,,,,,
85,1683839107,,2551,,,,,,,,,,,,,,,,,
86,1684796763,,2558,,,,,,,,,,,,,,,,,
87,1685550752,,2558,,,,,,,,,,,,,,,,,
88,1686188322,,2558,,,,,,,,,,,,,,,,,
89,1686648386,,2554,,,,,,,,,,,,,,,,,
90,1687587085,,2559,,,,,,,,,,,,,,,,,
91,1688200678,,2563,,,,,,,,,,,,,,,,,
92,1689792229,,2566,,,,,,,,,,,,,,,,,
93,1690925252,,2566,,,,,,,,,,,,,,,,,
94,1691528914,,2573,,,,,,,,,,,,,,,,,
95,1692219537,,2573,,,,,,,,,,,,,,,,,
96,1693378668,,2503,,,,,,,,,,,,,,,,,
97,1694098987,,2503,,,,,,,,,,,,,,,,,
98,1694787136,,2484,,,,,,,,,,,,,,,,,
99,1695322713,,2494,,,,,,,,,,,,,,,,,
100,1696356167,,2496,,,,,,,,,,,,,,,,,
0,1324584504,,,0,,,,,,,,,,,,,,,,
1,1324919551,,,0,,,,,,,,,,,,,,,,
2,1328134269,,,0,,,,,,,,,,,,,,,,
3,1332525080,,,0,,,,,,,,,,,,,,,,
4,1334160139,,,0,,,,,,,,,,,,,,,,
5,1337879251,,,0,,,,,,,,,,,,,,,,
6,1342096514,,,0,,,,,,,,,,,,,,,,
7,1345840583,,,0,,,,,,,,,,,,,,,,
8,1348482473,,,0,,,,,,,,,,,,,,,,
9,1353452806,,,0,,,,,,,,,,,,,,,,
10,1357848219,,,0,,,,,,,,,,,,,,,,
11,1361384970,,,0,,,,,,,,,,,,,,,,
12,1363462292,,,0,,,,,,,,,,,,,,,,
13,1368874366,,,0,,,,,,,,,,,,,,,,
14,1375133543,,,0,,,,,,,,,,,,,,,,
15,1378754810,,,0,,,,,,,,,,,,,,,,
16,1380218725,,,0,,,,,,,,,,,,,,,,
17,1387792040,,,0,,,,,,,,,,,,,,,,
18,1388957112,,,0,,,,,,,,,,,,,,,,
19,1391984444,,,0,,,,,,,,,,,,,,,,
20,1398108204,,,0,,,,,,,,,,,,,,,,
21,1402054108,,,0,,,,,,,,,,,,,,,,
22,1402742561,,,0,,,,,,,,,,,,,,,,
23,1406730775,,,0,,,,,,,,,,,,,,,,
24,1407971426,,,0,,,,,,,,,,,,,,,,
25,1408265675,,,0,,,,,,,,,,,,,,,,
26,1409317422,,,0,,,,,,,,,,,,,,,,
27,1411336240,,,0,,,,,,,,,,,,,,,,
28,1411567796,,,0,,,,,,,,,,,,,,,,
29,1416655595,,,0,,,,,,,,,,,,,,,,
30,1420335057,,,0,,,,,,,,,,,,,,,,
31,1420890617,,,0,,,,,,,,,,,,,,,,
32,1422228820,,,0,,,,,,,,,,,,,,,,
33,1422976187,,,0,,,,,,,,,,,,,,,,
34,1424907359,,,0,,,,,,,,,,,,,,,,
35,1425245127,,,0,,,,,,,,,,,,,,,,
36,1429434351,,,0,,,,,,,,,,,,,,,,
37,1433410967,,,0,,,,,,,,,,,,,,,,
38,1434145862,,,0,,,,,,,,,,,,,,,,
39,1441645652,,,0,,,,,,,,,,,,,,,,
40,1443645317,,,1,,,,,,,,,,,,,,,,
41,1445191588,,,1,,,,,,,,,,,,,,,,
42,1450862929,,,1,,,,,,,,,,,,,,,,
43,1451046380,,,1,,,,,,,,,,,,,,,,
44,1463170643,,,1,,,,,,,,,,,,,,,,
45,1466846411,,,1,,,,,,,,,,,,,,,,
46,1470176291,,,1,,,,,,,,,,,,,,,,
47,1471911236,,,1,,,,,,,,,,,,,,,,
48,1472482397,,,1,,,,,,,,,,,,,,,,
49,1476879226,,,1,,,,,,,,,,,,,,,,
50,1478993218,,,1,,,,,,,,,,,,,,,,
51,1480167638,,,1,,,,,,,,,,,,,,,,
52,1486378253,,,1,,,,,,,,,,,,,,,,
53,1487970440,,,1,,,,,,,,,,,,,,,,
54,1491401093,,,1,,,,,,,,,,,,,,,,
55,1494272346,,,1,,,,,,,,,,,,,,,,
56,1496747677,,,1,,,,,,,,,,,,,,,,
57,1503830415,,,1,,,,,,,,,,,,,,,,
58,1508442817,,,1,,,,,,,,,,,,,,,,
59,1512945221,,,1,,,,,,,,,,,,,,,,
60,1517318452,,,1,,,,,,,,,,,,,,,,
61,1526060125,,,1,,,,,,,,,,,,,,,,
62,1530042605,,,1,,,,,,,,,,,,,,,,
63,1536965538,,,1,,,,,,,,,,,,,,,,
64,1537273411,,,1,,,,,,,,,,,,,,,,
65,1537916942,,,1,,,,,,,,,,,,,,,,
66,1541843216,,,1,,,,,,,,,,,,,,,,
67,1542059565,,,1,,,,,,,,,,,,,,,,
68,1546391577,,,1,,,,,,,,,,,,,,,,
69,1548878699,,,1,,,,,,,,,,,,,,,,
70,1551784542,,,1,,,,,,,,,,,,,,,,
71,1553945559,,,1,,,,,,,,,,,,,,,,
72,1556313970,,,1,,,,,,,,,,,,,,,,
73,1558073655,,,1,,,,,,,,,,,,,,,,
74,1560247483,,,1,,,,,,,,,,,,,,,,
75,1575537298,,,1,,,,,,,,,,,,,,,,
76,1579014570,,,1,,,,,,,,,,,,,,,,
77,1590270135,,,1,,,,,,,,,,,,,,,,
78,1590364223,,,1,,,,,,,,,,,,,,,,
79,1594636318,,,1,,,,,,,,,,,,,,,,
80,1597009661,,,1,,,,,,,,,,,,,,,,
81,1597182553,,,1,,,,,,,,,,,,,,,,
82,1599023962,,,1,,,,,,,,,,,,,,,,
83,1603313365,,,1,,,,,,,,,,,,,,,,
84,1604182192,,,1,,,,,,,,,,,,,,,,
85,1605307382,,,1,,,,,,,,,,,,,,,,
86,1609544311,,,1,,,,,,,,,,,,,,,,
87,1609837857,,,1,,,,,,,,,,,,,,,,
88,1618861975,,,1,,,,,,,,,,,,,,,,
89,1623178213,,,1,,,,,,,,,,,,,,,,
90,1632517216,,,1,,,,,,,,,,,,,,,,
91,1640563270,,,1,,,,,,,,,,,,,,,,
92,1640865135,,,1,,,,,,,,,,,,,,,,
93,1641252267,,,1,,,,,,,,,,,,,,,,
94,1641590523,,,1,,,,,,,,,,,,,,,,
95,1646910126,,,1,,,,,,,,,,,,,,,,
96,1655074183,,,1,,,,,,,,,,,,,,,,
97,1658705338,,,1,,,,,,,,,,,,,,,,
98,1661344204,,,1,,,,,,,,,,,,,,,,
99,1661345339,,,1,,,,,,,,,,,,,,,,
100,1670787388,,,1,,,,,,,,,,,,,,,,
101,1674081953,,,1,,,,,,,,,,,,,,,,
102,1675333793,,,1,,,,,,,,,,,,,,,,
103,1681848506,,,1,,,,,,,,,,,,,,,,
104,1683832459,,,1,,,,,,,,,,,,,,,,
0,1314463021,,,,0,,,,,,,,,,,,,,,
1,1317662155,,,,0,,,,,,,,,,,,,,,
2,1321274475,,,,0,,,,,,,,,,,,,,,
3,1322569660,,,,0,,,,,,,,,,,,,,,
4,1327317834,,,,0,,,,,,,,,,,,,,,
5,1331211696,,,,0,,,,,,,,,,,,,,,
6,1333132538,,,,0,,,,,,,,,,,,,,,
7,1334331650,,,,0,,,,,,,,,,,,,,,
8,1343033864,,,,1,,,,,,,,,,,,,,,
9,1344449690,,,,11,,,,,,,,,,,,,,,
10,1351768799,,,,29,,,,,,,,,,,,,,,
11,1353349131,,,,28,,,,,,,,,,,,,,,
12,1355510247,,,,28,,,,,,,,,,,,,,,
13,1360695503,,,,30,,,,,,,,,,,,,,,
14,1365757280,,,,30,,,,,,,,,,,,,,,
15,1369729275,,,,117,,,,,,,,,,,,,,,
16,1375705373,,,,117,,,,,,,,,,,,,,,
17,1376567721,,,,117,,,,,,,,,,,,,,,
18,1387643678,,,,117,,,,,,,,,,,,,,,
19,1391034090,,,,117,,,,,,,,,,,,,,,
20,1397149289,,,,117,,,,,,,,,,,,,,,
21,1401280471,,,,117,,,,,,,,,,,,,,,
22,1412867576,,,,118,,,,,,,,,,,,,,,
23,1423247551,,,,118,,,,,,,,,,,,,,,
24,1426771967,,,,119,,,,,,,,,,,,,,,
25,1431771371,,,,119,,,,,,,,,,,,,,,
26,1437329305,,,,119,,,,,,,,,,,,,,,
27,1437329489,,,,119,,,,,,,,,,,,,,,
28,1445171257,,,,121,,,,,,,,,,,,,,,
29,1455910180,,,,121,,,,,,,,,,,,,,,
30,1460484469,,,,121,,,,,,,,,,,,,,,
31,1463143590,,,,121,,,,,,,,,,,,,,,
32,1465320196,,,,121,,,,,,,,,,,,,,,
33,1469552254,,,,121,,,,,,,,,,,,,,,
34,1474220178,,,,121,,,,,,,,,,,,,,,
35,1476117591,,,,121,,,,,,,,,,,,,,,
36,1479466618,,,,121,,,,,,,,,,,,,,,
37,1488125465,,,,121,,,,,,,,,,,,,,,
38,1495476024,,,,124,,,,,,,,,,,,,,,
39,1496564801,,,,124,,,,,,,,,,,,,,,
40,1520156248,,,,124,,,,,,,,,,,,,,,
41,1520798385,,,,124,,,,,,,,,,,,,,,
42,1521400954,,,,124,,,,,,,,,,,,,,,
43,1522002258,,,,124,,,,,,,,,,,,,,,
44,1527153699,,,,123,,,,,,,,,,,,,,,
45,1533802148,,,,123,,,,,,,,,,,,,,,
46,1537643187,,,,136,,,,,,,,,,,,,,,
47,1538850701,,,,136,,,,,,,,,,,,,,,
48,1550085707,,,,138,,,,,,,,,,,,,,,
49,1551564463,,,,138,,,,,,,,,,,,,,,
50,1563210608,,,,138,,,,,,,,,,,,,,,
51,1566201600,,,,260,,,,,,,,,,,,,,,
52,1567800128,,,,716,,,,,,,,,,,,,,,
53,1569269651,,,,772,,,,,,,,,,,,,,,
54,1575796486,,,,775,,,,,,,,,,,,,,,
55,1576330840,,,,775,,,,,,,,,,,,,,,
56,1577989779,,,,792,,,,,,,,,,,,,,,
57,1578557814,,,,791,,,,,,,,,,,,,,,
58,1580323812,,,,791,,,,,,,,,,,,,,,
59,1580820273,,,,834,,,,,,,,,,,,,,,
60,1583692767,,,,793,,,,,,,,,,,,,,,
61,1584123662,,,,793,,,,,,,,,,,,,,,
62,1586161966,,,,831,,,,,,,,,,,,,,,
63,1586507961,,,,832,,,,,,,,,,,,,,,
64,1587558960,,,,831,,,,,,,,,,,,,,,
65,1589317198,,,,836,,,,,,,,,,,,,,,
66,1591734815,,,,845,,,,,,,,,,,,,,,
67,1592674097,,,,847,,,,,,,,,,,,,,,
68,1599207643,,,,849,,,,,,,,,,,,,,,
69,1605862244,,,,849,,,,,,,,,,,,,,,
70,1610100577,,,,849,,,,,,,,,,,,,,,
71,1610653957,,,,1697,,,,,,,,,,,,,,,
72,1611506653,,,,1836,,,,,,,,,,,,,,,
73,1611871407,,,,1837,,,,,,,,,,,,,,,
74,1612438027,,,,1838,,,,,,,,,,,,,,,
75,1614193917,,,,1840,,,,,,,,,,,,,,,
76,1616328306,,,,1837,,,,,,,,,,,,,,,
77,1617545109,,,,1837,,,,,,,,,,,,,,,
78,1619629887,,,,1889,,,,,,,,,,,,,,,
79,1621441834,,,,1951,,,,,,,,,,,,,,,
80,1622628153,,,,1844,,,,,,,,,,,,,,,
81,1623426764,,,,1846,,,,,,,,,,,,,,,
82,1627495975,,,,1969,,,,,,,,,,,,,,,
83,1630944937,,,,1975,,,,,,,,,,,,,,,
84,1633544675,,,,1973,,,,,,,,,,,,,,,
85,1637064037,,,,1973,,,,,,,,,,,,,,,
86,1638447000,,,,1985,,,,,,,,,,,,,,,
87,1638642212,,,,1985,,,,,,,,,,,,,,,
88,1639419616,,,,2057,,,,,,,,,,,,,,,
89,1639904510,,,,2057,,,,,,,,,,,,,,,
90,1641557430,,,,2101,,,,,,,,,,,,,,,
91,1642950660,,,,2101,,,,,,,,,,,,,,,
92,1644138765,,,,2104,,,,,,,,,,,,,,,
93,1644575398,,,,2107,,,,,,,,,,,,,,,
94,1650831323,,,,2108,,,,,,,,,,,,,,,
95,1651506634,,,,2108,,,,,,,,,,,,,,,
96,1654354801,,,,2131,,,,,,,,,,,,,,,
97,1655565522,,,,2131,,,,,,,,,,,,,,,
98,1665507133,,,,2133,,,,,,,,,,,,,,,
99,1672341877,,,,2133,,,,,,,,,,,,,,,
100,1678526926,,,,2141,,,,,,,,,,,,,,,
101,1692683282,,,,2141,,,,,,,,,,,,,,,
0,1211157681,,,,,0,,,,,,,,,,,,,,
1,1213660891,,,,,0,,,,,,,,,,,,,,
2,1215909362,,,,,0,,,,,,,,,,,,,,
3,1220743768,,,,,0,,,,,,,,,,,,,,
4,1224819073,,,,,0,,,,,,,,,,,,,,
5,1227831066,,,,,0,,,,,,,,,,,,,,
6,1230069163,,,,,0,,,,,,,,,,,,,,
7,1232744034,,,,,0,,,,,,,,,,,,,,
8,1236649738,,,,,0,,,,,,,,,,,,,,
9,1240613921,,,,,0,,,,,,,,,,,,,,
10,1245894907,,,,,0,,,,,,,,,,,,,,
11,1252456317,,,,,0,,,,,,,,,,,,,,
12,1259552182,,,,,0,,,,,,,,,,,,,,
13,1262919065,,,,,0,,,,,,,,,,,,,,
14,1266152637,,,,,0,,,,,,,,,,,,,,
15,1267887090,,,,,0,,,,,,,,,,,,,,
16,1274030089,,,,,0,,,,,,,,,,,,,,
17,1278030763,,,,,0,,,,,,,,,,,,,,
18,1281757686,,,,,0,,,,,,,,,,,,,,
19,1289603684,,,,,0,,,,,,,,,,,,,,
20,1292374313,,,,,0,,,,,,,,,,,,,,
21,1293807889,,,,,0,,,,,,,,,,,,,,
22,1297655558,,,,,0,,,,,,,,,,,,,,
23,1304083902,,,,,0,,,,,,,,,,,,,,
24,1306081797,,,,,0,,,,,,,,,,,,,,
25,1307218817,,,,,0,,,,,,,,,,,,,,
26,1310153945,,,,,0,,,,,,,,,,,,,,
27,1315448573,,,,,0,,,,,,,,,,,,,,
28,1316834175,,,,,0,,,,,,,,,,,,,,
29,1320198678,,,,,0,,,,,,,,,,,,,,
30,1324514846,,,,,0,,,,,,,,,,,,,,
31,1325960215,,,,,0,,,,,,,,,,,,,,
32,1331392369,,,,,0,,,,,,,,,,,,,,
33,1335109769,,,,,0,,,,,,,,,,,,,,
34,1336275921,,,,,0,,,,,,,,,,,,,,
35,1341081570,,,,,0,,,,,,,,,,,,,,
36,1346556839,,,,,0,,,,,,,,,,,,,,
37,1351134333,,,,,0,,,,,,,,,,,,,,
38,1352754368,,,,,0,,,,,,,,,,,,,,
39,1353705191,,,,,0,,,,,,,,,,,,,,
40,1355965270,,,,,0,,,,,,,,,,,,,,
41,1357361743,,,,,0,,,,,,,,,,,,,,
42,1359765176,,,,,0,,,,,,,,,,,,,,
43,1363309808,,,,,0,,,,,,,,,,,,,,
44,1365295659,,,,,0,,,,,,,,,,,,,,
45,1369099884,,,,,0,,,,,,,,,,,,,,
46,1370740319,,,,,0,,,,,,,,,,,,,,
47,1375970645,,,,,0,,,,,,,,,,,,,,
48,1379791109,,,,,0,,,,,,,,,,,,,,
49,1383797029,,,,,0,,,,,,,,,,,,,,
50,1385763163,,,,,0,,,,,,,,,,,,,,
51,1388959916,,,,,0,,,,,,,,,,,,,,
52,1391959559,,,,,0,,,,,,,,,,,,,,
53,1393890213,,,,,0,,,,,,,,,,,,,,
54,1398531462,,,,,0,,,,,,,,,,,,,,
55,1404924448,,,,,0,,,,,,,,,,,,,,
56,1411000620,,,,,0,,,,,,,,,,,,,,
57,1418233551,,,,,0,,,,,,,,,,,,,,
58,1422474000,,,,,0,,,,,,,,,,,,,,
59,1425752963,,,,,0,,,,,,,,,,,,,,
60,1432728629,,,,,0,,,,,,,,,,,,,,
61,1440028768,,,,,0,,,,,,,,,,,,,,
62,1443361485,,,,,0,,,,,,,,,,,,,,
63,1445277726,,,,,0,,,,,,,,,,,,,,
64,1447111131,,,,,0,,,,,,,,,,,,,,
65,1449939707,,,,,9,,,,,,,,,,,,,,
66,1453636986,,,,,11,,,,,,,,,,,,,,
67,1456071162,,,,,0,,,,,,,,,,,,,,
68,1459473071,,,,,11,,,,,,,,,,,,,,
69,1461062671,,,,,11,,,,,,,,,,,,,,
70,1463927415,,,,,11,,,,,,,,,,,,,,
71,1466526936,,,,,14,,,,,,,,,,,,,,
72,1469221414,,,,,14,,,,,,,,,,,,,,
73,1472036195,,,,,20,,,,,,,,,,,,,,
74,1474937454,,,,,20,,,,,,,,,,,,,,
75,1477487165,,,,,21,,,,,,,,,,,,,,
76,1482009078,,,,,21,,,,,,,,,,,,,,
77,1487732481,,,,,90,,,,,,,,,,,,,,
78,1491512827,,,,,90,,,,,,,,,,,,,,
79,1498150520,,,,,90,,,,,,,,,,,,,,
80,1501961087,,,,,114,,,,,,,,,,,,,,
81,1503876864,,,,,114,,,,,,,,,,,,,,
82,1506440969,,,,,114,,,,,,,,,,,,,,
83,1509885472,,,,,115,,,,,,,,,,,,,,
84,1511623416,,,,,116,,,,,,,,,,,,,,
85,1514040491,,,,,116,,,,,,,,,,,,,,
86,1516585603,,,,,264,,,,,,,,,,,,,,
87,1519064805,,,,,233,,,,,,,,,,,,,,
88,1522417785,,,,,233,,,,,,,,,,,,,,
89,1526009313,,,,,236,,,,,,,,,,,,,,
90,1527289942,,,,,235,,,,,,,,,,,,,,
91,1529619373,,,,,236,,,,,,,,,,,,,,
92,1537736784,,,,,236,,,,,,,,,,,,,,
93,1553733706,,,,,236,,,,,,,,,,,,,,
94,1578876506,,,,,246,,,,,,,,,,,,,,
95,1595781801,,,,,261,,,,,,,,,,,,,,
96,1609937296,,,,,282,,,,,,,,,,,,,,
97,1635854451,,,,,293,,,,,,,,,,,,,,
98,1649766163,,,,,322,,,,,,,,,,,,,,
99,1676084605,,,,,499,,,,,,,,,,,,,,
100,1696072273,,,,,678,,,,,,,,,,,,,,
0,1191183804,,,,,,0,,,,,,,,,,,,,
1,1204541564,,,,,,0,,,,,,,,,,,,,
2,1212381902,,,,,,0,,,,,,,,,,,,,
3,1217825159,,,,,,0,,,,,,,,,,,,,
4,1220369329,,,,,,0,,,,,,,,,,,,,
5,1229356473,,,,,,0,,,,,,,,,,,,,
6,1231776364,,,,,,0,,,,,,,,,,,,,
7,1233859163,,,,,,0,,,,,,,,,,,,,
8,1238594858,,,,,,0,,,,,,,,,,,,,
9,1243309941,,,,,,0,,,,,,,,,,,,,
10,1248606097,,,,,,0,,,,,,,,,,,,,
11,1250189799,,,,,,0,,,,,,,,,,,,,
12,1252049160,,,,,,0,,,,,,,,,,,,,
13,1252337009,,,,,,0,,,,,,,,,,,,,
14,1255416781,,,,,,0,,,,,,,,,,,,,
15,1258048140,,,,,,0,,,,,,,,,,,,,
16,1260292685,,,,,,0,,,,,,,,,,,,,
17,1263230219,,,,,,0,,,,,,,,,,,,,
18,1265798455,,,,,,0,,,,,,,,,,,,,
19,1267287907,,,,,,0,,,,,,,,,,,,,
20,1269483947,,,,,,0,,,,,,,,,,,,,
21,1274280268,,,,,,0,,,,,,,,,,,,,
22,1276520787,,,,,,0,,,,,,,,,,,,,
23,1278494010,,,,,,0,,,,,,,,,,,,,
24,1279204144,,,,,,0,,,,,,,,,,,,,
25,1282138495,,,,,,0,,,,,,,,,,,,,
26,1288100913,,,,,,0,,,,,,,,,,,,,
27,1292422791,,,,,,0,,,,,,,,,,,,,
28,1296142484,,,,,,0,,,,,,,,,,,,,
29,1297961296,,,,,,0,,,,,,,,,,,,,
30,1300791502,,,,,,0,,,,,,,,,,,,,
31,1308034225,,,,,,0,,,,,,,,,,,,,
32,1319456209,,,,,,0,,,,,,,,,,,,,
33,1324329191,,,,,,0,,,,,,,,,,,,,
34,1333026055,,,,,,0,,,,,,,,,,,,,
35,1340972644,,,,,,0,,,,,,,,,,,,,
36,1346316735,,,,,,0,,,,,,,,,,,,,
37,1354891633,,,,,,0,,,,,,,,,,,,,
38,1361367880,,,,,,0,,,,,,,,,,,,,
39,1369212192,,,,,,0,,,,,,,,,,,,,
40,1373483501,,,,,,0,,,,,,,,,,,,,
41,1377604035,,,,,,0,,,,,,,,,,,,,
42,1393238970,,,,,,121,,,,,,,,,,,,,
43,1394230700,,,,,,121,,,,,,,,,,,,,
44,1397744795,,,,,,121,,,,,,,,,,,,,
45,1403683106,,,,,,130,,,,,,,,,,,,,
46,1406726570,,,,,,130,,,,,,,,,,,,,
47,1410712289,,,,,,130,,,,,,,,,,,,,
48,1413397236,,,,,,131,,,,,,,,,,,,,
49,1421264717,,,,,,160,,,,,,,,,,,,,
50,1425138060,,,,,,177,,,,,,,,,,,,,
51,1425688141,,,,,,177,,,,,,,,,,,,,
52,1428477934,,,,,,177,,,,,,,,,,,,,
53,1434458455,,,,,,177,,,,,,,,,,,,,
54,1436824710,,,,,,191,,,,,,,,,,,,,
55,1444724289,,,,,,192,,,,,,,,,,,,,
56,1445413663,,,,,,192,,,,,,,,,,,,,
57,1447284912,,,,,,196,,,,,,,,,,,,,
58,1449831129,,,,,,210,,,,,,,,,,,,,
59,1453347359,,,,,,210,,,,,,,,,,,,,
60,1454398405,,,,,,212,,,,,,,,,,,,,
61,1456183781,,,,,,213,,,,,,,,,,,,,
62,1458664434,,,,,,212,,,,,,,,,,,,,
63,1460094625,,,,,,212,,,,,,,,,,,,,
64,1461103077,,,,,,212,,,,,,,,,,,,,
65,1462925041,,,,,,213,,,,,,,,,,,,,
66,1464120874,,,,,,213,,,,,,,,,,,,,
67,1464969095,,,,,,229,,,,,,,,,,,,,
68,1467635450,,,,,,231,,,,,,,,,,,,,
69,1469623968,,,,,,231,,,,,,,,,,,,,
70,1473713173,,,,,,231,,,,,,,,,,,,,
71,1476305387,,,,,,233,,,,,,,,,,,,,
72,1479446955,,,,,,235,,,,,,,,,,,,,
73,1481126168,,,,,,235,,,,,,,,,,,,,
74,1485868962,,,,,,235,,,,,,,,,,,,,
75,1491325149,,,,,,235,,,,,,,,,,,,,
76,1503394375,,,,,,237,,,,,,,,,,,,,
77,1504775632,,,,,,237,,,,,,,,,,,,,
78,1523287439,,,,,,237,,,,,,,,,,,,,
79,1530891791,,,,,,240,,,,,,,,,,,,,
80,1533127153,,,,,,240,,,,,,,,,,,,,
81,1535190808,,,,,,241,,,,,,,,,,,,,
82,1538075106,,,,,,252,,,,,,,,,,,,,
83,1542076444,,,,,,252,,,,,,,,,,,,,
84,1547080463,,,,,,252,,,,,,,,,,,,,
85,1550166711,,,,,,252,,,,,,,,,,,,,
86,1556918049,,,,,,254,,,,,,,,,,,,,
87,1568157573,,,,,,259,,,,,,,,,,,,,
88,1576017104,,,,,,259,,,,,,,,,,,,,
89,1588090096,,,,,,259,,,,,,,,,,,,,
90,1599574931,,,,,,259,,,,,,,,,,,,,
91,1606792221,,,,,,261,,,,,,,,,,,,,
92,1614195101,,,,,,265,,,,,,,,,,,,,
93,1620918210,,,,,,265,,,,,,,,,,,,,
94,1630692438,,,,,,265,,,,,,,,,,,,,
95,1638487927,,,,,,268,,,,,,,,,,,,,
96,1646439328,,,,,,298,,,,,,,,,,,,,
97,1659125843,,,,,,750,,,,,,,,,,,,,
98,1671469656,,,,,,882,,,,,,,,,,,,,
99,1679329804,,,,,,959,,,,,,,,,,,,,
100,1694679508,,,,,,1060,,,,,,,,,,,,,
0,1406814444,,,,,,,0,,,,,,,,,,,,
1,1409233852,,,,,,,0,,,,,,,,,,,,
2,1411654908,,,,,,,0,,,,,,,,,,,,
3,1430488526,,,,,,,0,,,,,,,,,,,,
4,1432260692,,,,,,,0,,,,,,,,,,,,
5,1435162563,,,,,,,0,,,,,,,,,,,,
6,1439992193,,,,,,,0,,,,,,,,,,,,
7,1445096098,,,,,,,0,,,,,,,,,,,,
8,1446040888,,,,,,,0,,,,,,,,,,,,
9,1447462114,,,,,,,0,,,,,,,,,,,,
10,1450452005,,,,,,,0,,,,,,,,,,,,
11,1454518105,,,,,,,0,,,,,,,,,,,,
12,1460945163,,,,,,,0,,,,,,,,,,,,
13,1462717640,,,,,,,0,,,,,,,,,,,,
14,1466654299,,,,,,,0,,,,,,,,,,,,
15,1474744211,,,,,,,0,,,,,,,,,,,,
16,1479576549,,,,,,,35,,,,,,,,,,,,
17,1487520341,,,,,,,42,,,,,,,,,,,,
18,1499986821,,,,,,,42,,,,,,,,,,,,
19,1505612669,,,,,,,0,,,,,,,,,,,,
20,1510509819,,,,,,,220,,,,,,,,,,,,
21,1515950860,,,,,,,259,,,,,,,,,,,,
22,1517627773,,,,,,,259,,,,,,,,,,,,
23,1519465037,,,,,,,8,,,,,,,,,,,,
24,1522172343,,,,,,,10,,,,,,,,,,,,
25,1526166140,,,,,,,10,,,,,,,,,,,,
26,1528528369,,,,,,,18,,,,,,,,,,,,
27,1534004034,,,,,,,19,,,,,,,,,,,,
28,1537548501,,,,,,,21,,,,,,,,,,,,
29,1539820905,,,,,,,21,,,,,,,,,,,,
30,1543681160,,,,,,,20,,,,,,,,,,,,
31,1547910965,,,,,,,21,,,,,,,,,,,,
32,1552241690,,,,,,,38,,,,,,,,,,,,
33,1554652037,,,,,,,38,,,,,,,,,,,,
34,1557985020,,,,,,,49,,,,,,,,,,,,
35,1559883773,,,,,,,50,,,,,,,,,,,,
36,1562173263,,,,,,,70,,,,,,,,,,,,
37,1564873954,,,,,,,73,,,,,,,,,,,,
38,1567358921,,,,,,,73,,,,,,,,,,,,
39,1570984115,,,,,,,113,,,,,,,,,,,,
40,1574091456,,,,,,,112,,,,,,,,,,,,
41,1575240596,,,,,,,114,,,,,,,,,,,,
42,1577045128,,,,,,,116,,,,,,,,,,,,
43,1582120790,,,,,,,116,,,,,,,,,,,,
44,1585928969,,,,,,,124,,,,,,,,,,,,
45,1588176763,,,,,,,128,,,,,,,,,,,,
46,1589921062,,,,,,,146,,,,,,,,,,,,
47,1592144210,,,,,,,148,,,,,,,,,,,,
48,1593959563,,,,,,,155,,,,,,,,,,,,
49,1595358780,,,,,,,157,,,,,,,,,,,,
50,1596893325,,,,,,,158,,,,,,,,,,,,
51,1600609871,,,,,,,165,,,,,,,,,,,,
52,1602428872,,,,,,,159,,,,,,,,,,,,
53,1603977420,,,,,,,161,,,,,,,,,,,,
54,1604774331,,,,,,,161,,,,,,,,,,,,
55,1606235357,,,,,,,162,,,,,,,,,,,,
56,1613850612,,,,,,,237,,,,,,,,,,,,
57,1617123085,,,,,,,245,,,,,,,,,,,,
58,1619618732,,,,,,,311,,,,,,,,,,,,
59,1621263493,,,,,,,311,,,,,,,,,,,,
60,1622242179,,,,,,,348,,,,,,,,,,,,
61,1622863794,,,,,,,353,,,,,,,,,,,,
62,1625259109,,,,,,,357,,,,,,,,,,,,
63,1630023405,,,,,,,382,,,,,,,,,,,,
64,1631987430,,,,,,,420,,,,,,,,,,,,
65,1635607545,,,,,,,427,,,,,,,,,,,,
66,1640532223,,,,,,,406,,,,,,,,,,,,
67,1642640624,,,,,,,406,,,,,,,,,,,,
68,1645112229,,,,,,,406,,,,,,,,,,,,
69,1647644599,,,,,,,404,,,,,,,,,,,,
70,1653833436,,,,,,,400,,,,,,,,,,,,
71,1656947607,,,,,,,421,,,,,,,,,,,,
72,1661350694,,,,,,,426,,,,,,,,,,,,
73,1663299692,,,,,,,428,,,,,,,,,,,,
74,1671127180,,,,,,,433,,,,,,,,,,,,
75,1673465810,,,,,,,404,,,,,,,,,,,,
76,1681140819,,,,,,,407,,,,,,,,,,,,
77,1683917602,,,,,,,407,,,,,,,,,,,,
78,1686671895,,,,,,,404,,,,,,,,,,,,
79,1692458341,,,,,,,410,,,,,,,,,,,,
80,1696352027,,,,,,,416,,,,,,,,,,,,
0,1346004741,,,,,,,,25,,,,,,,,,,,
1,1358555853,,,,,,,,64,,,,,,,,,,,
2,1369072887,,,,,,,,112,,,,,,,,,,,
3,1381801452,,,,,,,,154,,,,,,,,,,,
4,1389900072,,,,,,,,170,,,,,,,,,,,
5,1397015923,,,,,,,,184,,,,,,,,,,,
6,1403749663,,,,,,,,206,,,,,,,,,,,
7,1410297743,,,,,,,,222,,,,,,,,,,,
8,1413571524,,,,,,,,234,,,,,,,,,,,
9,1418313528,,,,,,,,234,,,,,,,,,,,
10,1421175664,,,,,,,,235,,,,,,,,,,,
11,1423760108,,,,,,,,245,,,,,,,,,,,
12,1428007791,,,,,,,,285,,,,,,,,,,,
13,1432144620,,,,,,,,285,,,,,,,,,,,
14,1434146075,,,,,,,,288,,,,,,,,,,,
15,1437664937,,,,,,,,338,,,,,,,,,,,
16,1441401617,,,,,,,,342,,,,,,,,,,,
17,1444972822,,,,,,,,394,,,,,,,,,,,
18,1449591621,,,,,,,,411,,,,,,,,,,,
19,1455135626,,,,,,,,430,,,,,,,,,,,
20,1458601522,,,,,,,,444,,,,,,,,,,,
21,1461887430,,,,,,,,460,,,,,,,,,,,
22,1464649759,,,,,,,,462,,,,,,,,,,,
23,1468023850,,,,,,,,505,,,,,,,,,,,
24,1470351262,,,,,,,,514,,,,,,,,,,,
25,1472162937,,,,,,,,629,,,,,,,,,,,
26,1475763810,,,,,,,,659,,,,,,,,,,,
27,1478825612,,,,,,,,681,,,,,,,,,,,
28,1481747582,,,,,,,,1041,,,,,,,,,,,
29,1485303474,,,,,,,,1052,,,,,,,,,,,
30,1490035903,,,,,,,,1072,,,,,,,,,,,
31,1492275281,,,,,,,,1110,,,,,,,,,,,
32,1495649126,,,,,,,,1131,,,,,,,,,,,
33,1497982004,,,,,,,,1145,,,,,,,,,,,
34,1500053720,,,,,,,,1171,,,,,,,,,,,
35,1503035355,,,,,,,,1190,,,,,,,,,,,
36,1507923402,,,,,,,,1266,,,,,,,,,,,
37,1509997870,,,,,,,,1334,,,,,,,,,,,
38,1512661882,,,,,,,,1399,,,,,,,,,,,
39,1515454598,,,,,,,,1515,,,,,,,,,,,
40,1517234766,,,,,,,,1535,,,,,,,,,,,
41,1519332914,,,,,,,,1607,,,,,,,,,,,
42,1521404578,,,,,,,,1695,,,,,,,,,,,
43,1523686500,,,,,,,,1723,,,,,,,,,,,
44,1525289528,,,,,,,,1735,,,,,,,,,,,
45,1527134035,,,,,,,,1806,,,,,,,,,,,
46,1529074998,,,,,,,,1816,,,,,,,,,,,
47,1531402607,,,,,,,,1878,,,,,,,,,,,
48,1533766499,,,,,,,,1898,,,,,,,,,,,
49,1535334817,,,,,,,,1914,,,,,,,,,,,
50,1536736960,,,,,,,,1935,,,,,,,,,,,
51,1539109272,,,,,,,,1986,,,,,,,,,,,
52,1540211548,,,,,,,,2246,,,,,,,,,,,
53,1542481766,,,,,,,,2276,,,,,,,,,,,
54,1545251045,,,,,,,,2316,,,,,,,,,,,
55,1548450014,,,,,,,,2354,,,,,,,,,,,
56,1551319539,,,,,,,,2484,,,,,,,,,,,
57,1553707878,,,,,,,,2550,,,,,,,,,,,
58,1555574942,,,,,,,,2574,,,,,,,,,,,
59,1557158038,,,,,,,,2579,,,,,,,,,,,
60,1559628817,,,,,,,,2588,,,,,,,,,,,
61,1562436846,,,,,,,,2656,,,,,,,,,,,
62,1566168771,,,,,,,,2669,,,,,,,,,,,
63,1568663887,,,,,,,,2675,,,,,,,,,,,
64,1571259497,,,,,,,,2686,,,,,,,,,,,
65,1574871580,,,,,,,,2735,,,,,,,,,,,
66,1576927262,,,,,,,,2776,,,,,,,,,,,
67,1579916699,,,,,,,,2777,,,,,,,,,,,
68,1583456886,,,,,,,,2791,,,,,,,,,,,
69,1586456632,,,,,,,,2807,,,,,,,,,,,
70,1589921959,,,,,,,,2823,,,,,,,,,,,
71,1593022387,,,,,,,,2858,,,,,,,,,,,
72,1595964396,,,,,,,,2588,,,,,,,,,,,
73,1598655246,,,,,,,,2606,,,,,,,,,,,
74,1600901980,,,,,,,,2686,,,,,,,,,,,
75,1603855172,,,,,,,,2721,,,,,,,,,,,
76,1607720345,,,,,,,,2746,,,,,,,,,,,
77,1611603570,,,,,,,,2769,,,,,,,,,,,
78,1614222912,,,,,,,,2786,,,,,,,,,,,
79,1616635675,,,,,,,,2867,,,,,,,,,,,
80,1619220767,,,,,,,,2905,,,,,,,,,,,
81,1624793932,,,,,,,,2924,,,,,,,,,,,
82,1625851367,,,,,,,,2971,,,,,,,,,,,
83,1631145253,,,,,,,,2992,,,,,,,,,,,
84,1634931228,,,,,,,,3034,,,,,,,,,,,
85,1638315233,,,,,,,,3070,,,,,,,,,,,
86,1641972760,,,,,,,,3092,,,,,,,,,,,
87,1644359380,,,,,,,,3142,,,,,,,,,,,
88,1647055092,,,,,,,,3165,,,,,,,,,,,
89,1650577581,,,,,,,,3209,,,,,,,,,,,
90,1654243899,,,,,,,,3253,,,,,,,,,,,
91,1657903028,,,,,,,,3269,,,,,,,,,,,
92,1660800403,,,,,,,,3409,,,,,,,,,,,
93,1664206815,,,,,,,,3440,,,,,,,,,,,
94,1667706355,,,,,,,,3470,,,,,,,,,,,
95,1673550277,,,,,,,,3535,,,,,,,,,,,
96,1678978877,,,,,,,,3602,,,,,,,,,,,
97,1683840595,,,,,,,,3608,,,,,,,,,,,
98,1687809668,,,,,,,,3637,,,,,,,,,,,
99,1691186378,,,,,,,,3684,,,,,,,,,,,
100,1696298961,,,,,,,,4153,,,,,,,,,,,
0,673209868,,,,,,,,,0,,,,,,,,,,
1,715814616,,,,,,,,,0,,,,,,,,,,
2,734697911,,,,,,,,,0,,,,,,,,,,
3,754269026,,,,,,,,,0,,,,,,,,,,
4,781321374,,,,,,,,,0,,,,,,,,,,
5,809025604,,,,,,,,,0,,,,,,,,,,
6,840135584,,,,,,,,,0,,,,,,,,,,
7,874996837,,,,,,,,,0,,,,,,,,,,
8,893815822,,,,,,,,,0,,,,,,,,,,
9,905249078,,,,,,,,,0,,,,,,,,,,
10,917880640,,,,,,,,,0,,,,,,,,,,
11,928789833,,,,,,,,,0,,,,,,,,,,
12,940152085,,,,,,,,,0,,,,,,,,,,
13,951854932,,,,,,,,,0,,,,,,,,,,
14,960536707,,,,,,,,,0,,,,,,,,,,
15,969789030,,,,,,,,,0,,,,,,,,,,
16,978727350,,,,,,,,,0,,,,,,,,,,
17,988212448,,,,,,,,,0,,,,,,,,,,
18,997476293,,,,,,,,,0,,,,,,,,,,
19,1006848141,,,,,,,,,0,,,,,,,,,,
20,1013847401,,,,,,,,,0,,,,,,,,,,
21,1021751118,,,,,,,,,0,,,,,,,,,,
22,1031594197,,,,,,,,,0,,,,,,,,,,
23,1042118869,,,,,,,,,0,,,,,,,,,,
24,1049665449,,,,,,,,,0,,,,,,,,,,
25,1056742141,,,,,,,,,0,,,,,,,,,,
26,1065034486,,,,,,,,,1,,,,,,,,,,
27,1073090431,,,,,,,,,1,,,,,,,,,,
28,1079410345,,,,,,,,,1,,,,,,,,,,
29,1088192689,,,,,,,,,1,,,,,,,,,,
30,1094139790,,,,,,,,,1,,,,,,,,,,
31,1100035347,,,,,,,,,1,,,,,,,,,,
32,1106933577,,,,,,,,,1,,,,,,,,,,
33,1113577258,,,,,,,,,1,,,,,,,,,,
34,1120261419,,,,,,,,,1,,,,,,,,,,
35,1130674668,,,,,,,,,1,,,,,,,,,,
36,1139795849,,,,,,,,,1,,,,,,,,,,
37,1151617759,,,,,,,,,1,,,,,,,,,,
38,1164481702,,,,,,,,,1,,,,,,,,,,
39,1173900797,,,,,,,,,1,,,,,,,,,,
40,1183335426,,,,,,,,,1,,,,,,,,,,
41,1191876887,,,,,,,,,1,,,,,,,,,,
42,1203293849,,,,,,,,,16,,,,,,,,,,
43,1212879375,,,,,,,,,31,,,,,,,,,,
44,1221900115,,,,,,,,,34,,,,,,,,,,
45,1236718506,,,,,,,,,42,,,,,,,,,,
46,1244790085,,,,,,,,,80,,,,,,,,,,
47,1254245638,,,,,,,,,168,,,,,,,,,,
48,1263841884,,,,,,,,,428,,,,,,,,,,
49,1274454524,,,,,,,,,439,,,,,,,,,,
50,1281558327,,,,,,,,,442,,,,,,,,,,
51,1288646697,,,,,,,,,561,,,,,,,,,,
52,1295938066,,,,,,,,,2173,,,,,,,,,,
53,1303760688,,,,,,,,,2364,,,,,,,,,,
54,1311380308,,,,,,,,,2849,,,,,,,,,,
55,1318541027,,,,,,,,,3221,,,,,,,,,,
56,1326138190,,,,,,,,,3325,,,,,,,,,,
57,1335527900,,,,,,,,,3471,,,,,,,,,,
58,1345939960,,,,,,,,,3573,,,,,,,,,,
59,1354055175,,,,,,,,,3750,,,,,,,,,,
60,1364993986,,,,,,,,,3903,,,,,,,,,,
61,1376020262,,,,,,,,,4139,,,,,,,,,,
62,1384943484,,,,,,,,,4402,,,,,,,,,,
63,1394047537,,,,,,,,,4491,,,,,,,,,,
64,1403808624,,,,,,,,,4459,,,,,,,,,,
65,1411082846,,,,,,,,,4575,,,,,,,,,,
66,1418077943,,,,,,,,,5176,,,,,,,,,,
67,1426059560,,,,,,,,,6656,,,,,,,,,,
68,1434500176,,,,,,,,,7193,,,,,,,,,,
69,1443702975,,,,,,,,,7566,,,,,,,,,,
70,1449738766,,,,,,,,,7636,,,,,,,,,,
71,1459785279,,,,,,,,,8032,,,,,,,,,,
72,1467896708,,,,,,,,,8420,,,,,,,,,,
73,1476817939,,,,,,,,,9412,,,,,,,,,,
74,1484322787,,,,,,,,,10070,,,,,,,,,,
75,1493679064,,,,,,,,,9810,,,,,,,,,,
76,1501658901,,,,,,,,,9893,,,,,,,,,,
77,1510052886,,,,,,,,,10285,,,,,,,,,,
78,1517306009,,,,,,,,,10439,,,,,,,,,,
79,1526991944,,,,,,,,,11137,,,,,,,,,,
80,1534880173,,,,,,,,,11418,,,,,,,,,,
81,1543911820,,,,,,,,,11963,,,,,,,,,,
82,1553125968,,,,,,,,,12517,,,,,,,,,,
83,1562141621,,,,,,,,,12908,,,,,,,,,,
84,1569974920,,,,,,,,,13698,,,,,,,,,,
85,1576805986,,,,,,,,,15297,,,,,,,,,,
86,1586379733,,,,,,,,,17277,,,,,,,,,,
87,1592930147,,,,,,,,,17734,,,,,,,,,,
88,1601883282,,,,,,,,,18498,,,,,,,,,,
89,1606960934,,,,,,,,,18829,,,,,,,,,,
90,1616164176,,,,,,,,,22825,,,,,,,,,,
91,1623832985,,,,,,,,,23185,,,,,,,,,,
92,1631768970,,,,,,,,,23394,,,,,,,,,,
93,1638265947,,,,,,,,,24357,,,,,,,,,,
94,1647331923,,,,,,,,,25341,,,,,,,,,,
95,1656667061,,,,,,,,,25999,,,,,,,,,,
96,1666320092,,,,,,,,,27526,,,,,,,,,,
97,1674875810,,,,,,,,,29247,,,,,,,,,,
98,1682607624,,,,,,,,,31233,,,,,,,,,,
99,1688633897,,,,,,,,,31547,,,,,,,,,,
100,1696378661,,,,,,,,,32074,,,,,,,,,,
0,1215640385,,,,,,,,,,0,,,,,,,,,
1,1216845131,,,,,,,,,,0,,,,,,,,,
2,1217373328,,,,,,,,,,0,,,,,,,,,
3,1218059059,,,,,,,,,,0,,,,,,,,,
4,1244750766,,,,,,,,,,0,,,,,,,,,
5,1245371068,,,,,,,,,,0,,,,,,,,,
6,1245713447,,,,,,,,,,0,,,,,,,,,
7,1246424285,,,,,,,,,,0,,,,,,,,,
8,1269542191,,,,,,,,,,0,,,,,,,,,
9,1269558755,,,,,,,,,,0,,,,,,,,,
10,1270618354,,,,,,,,,,0,,,,,,,,,
11,1271223278,,,,,,,,,,0,,,,,,,,,
12,1317059642,,,,,,,,,,0,,,,,,,,,
13,1317793954,,,,,,,,,,0,,,,,,,,,
14,1319490982,,,,,,,,,,0,,,,,,,,,
15,1320429383,,,,,,,,,,0,,,,,,,,,
16,1436909169,,,,,,,,,,0,,,,,,,,,
17,1437170179,,,,,,,,,,0,,,,,,,,,
18,1437338387,,,,,,,,,,0,,,,,,,,,
19,1437345199,,,,,,,,,,0,,,,,,,,,
20,1447281652,,,,,,,,,,0,,,,,,,,,
21,1448291453,,,,,,,,,,0,,,,,,,,,
22,1448379359,,,,,,,,,,0,,,,,,,,,
23,1448722791,,,,,,,,,,0,,,,,,,,,
24,1498697272,,,,,,,,,,0,,,,,,,,,
25,1498937202,,,,,,,,,,0,,,,,,,,,
26,1498997943,,,,,,,,,,0,,,,,,,,,
27,1500209966,,,,,,,,,,0,,,,,,,,,
28,1504019055,,,,,,,,,,0,,,,,,,,,
29,1504035926,,,,,,,,,,0,,,,,,,,,
30,1504049438,,,,,,,,,,0,,,,,,,,,
31,1504082634,,,,,,,,,,0,,,,,,,,,
32,1512756694,,,,,,,,,,0,,,,,,,,,
33,1512793006,,,,,,,,,,0,,,,,,,,,
34,1513003075,,,,,,,,,,0,,,,,,,,,
35,1513015700,,,,,,,,,,0,,,,,,,,,
36,1517351662,,,,,,,,,,0,,,,,,,,,
37,1518052542,,,,,,,,,,0,,,,,,,,,
38,1518194066,,,,,,,,,,0,,,,,,,,,
39,1518216310,,,,,,,,,,0,,,,,,,,,
40,1522769085,,,,,,,,,,0,,,,,,,,,
41,1522786475,,,,,,,,,,0,,,,,,,,,
42,1522787519,,,,,,,,,,0,,,,,,,,,
43,1522856128,,,,,,,,,,0,,,,,,,,,
44,1525225435,,,,,,,,,,0,,,,,,,,,
45,1525380151,,,,,,,,,,0,,,,,,,,,
46,1525718589,,,,,,,,,,0,,,,,,,,,
47,1526017010,,,,,,,,,,1,,,,,,,,,
48,1533582827,,,,,,,,,,0,,,,,,,,,
49,1533633120,,,,,,,,,,0,,,,,,,,,
50,1533654519,,,,,,,,,,0,,,,,,,,,
51,1533665154,,,,,,,,,,0,,,,,,,,,
52,1535594327,,,,,,,,,,0,,,,,,,,,
53,1535597832,,,,,,,,,,0,,,,,,,,,
54,1535679190,,,,,,,,,,0,,,,,,,,,
55,1535720243,,,,,,,,,,0,,,,,,,,,
56,1539116744,,,,,,,,,,0,,,,,,,,,
57,1539132458,,,,,,,,,,0,,,,,,,,,
58,1539246145,,,,,,,,,,0,,,,,,,,,
59,1539276247,,,,,,,,,,0,,,,,,,,,
60,1546465900,,,,,,,,,,2,,,,,,,,,
61,1546533677,,,,,,,,,,2,,,,,,,,,
62,1546551620,,,,,,,,,,2,,,,,,,,,
63,1546569379,,,,,,,,,,2,,,,,,,,,
64,1556910697,,,,,,,,,,10,,,,,,,,,
65,1557761958,,,,,,,,,,10,,,,,,,,,
66,1558540626,,,,,,,,,,10,,,,,,,,,
67,1558546895,,,,,,,,,,10,,,,,,,,,
68,1565550606,,,,,,,,,,10,,,,,,,,,
69,1565735644,,,,,,,,,,10,,,,,,,,,
70,1565904800,,,,,,,,,,10,,,,,,,,,
71,1565904849,,,,,,,,,,10,,,,,,,,,
72,1572991716,,,,,,,,,,13,,,,,,,,,
73,1573682626,,,,,,,,,,13,,,,,,,,,
74,1573924432,,,,,,,,,,11,,,,,,,,,
75,1574344689,,,,,,,,,,13,,,,,,,,,
76,1587058390,,,,,,,,,,28,,,,,,,,,
77,1587694927,,,,,,,,,,28,,,,,,,,,
78,1587694954,,,,,,,,,,28,,,,,,,,,
79,1588367468,,,,,,,,,,28,,,,,,,,,
80,1602714401,,,,,,,,,,36,,,,,,,,,
81,1602783153,,,,,,,,,,36,,,,,,,,,
82,1603201552,,,,,,,,,,36,,,,,,,,,
83,1603812694,,,,,,,,,,36,,,,,,,,,
84,1618283667,,,,,,,,,,42,,,,,,,,,
85,1618434781,,,,,,,,,,46,,,,,,,,,
86,1618518521,,,,,,,,,,42,,,,,,,,,
87,1619015057,,,,,,,,,,42,,,,,,,,,
88,1640037566,,,,,,,,,,52,,,,,,,,,
89,1640242204,,,,,,,,,,52,,,,,,,,,
90,1641377270,,,,,,,,,,52,,,,,,,,,
91,1641480412,,,,,,,,,,52,,,,,,,,,
92,1659379671,,,,,,,,,,54,,,,,,,,,
93,1660670639,,,,,,,,,,54,,,,,,,,,
94,1661520930,,,,,,,,,,54,,,,,,,,,
95,1662761697,,,,,,,,,,54,,,,,,,,,
96,1678317045,,,,,,,,,,55,,,,,,,,,
97,1678531716,,,,,,,,,,55,,,,,,,,,
98,1679079514,,,,,,,,,,55,,,,,,,,,
99,1679339515,,,,,,,,,,55,,,,,,,,,
100,1696358508,,,,,,,,,,59,,,,,,,,,
0,1599248730,,,,,,,,,,,4849,,,,,,,,
1,1599248732,,,,,,,,,,,4856,,,,,,,,
2,1599248733,,,,,,,,,,,4856,,,,,,,,
3,1599248737,,,,,,,,,,,6049,,,,,,,,
4,1599248739,,,,,,,,,,,6055,,,,,,,,
5,1599248741,,,,,,,,,,,6041,,,,,,,,
6,1599248743,,,,,,,,,,,6044,,,,,,,,
7,1599249319,,,,,,,,,,,6468,,,,,,,,
8,1599249323,,,,,,,,,,,6469,,,,,,,,
9,1599249324,,,,,,,,,,,6449,,,,,,,,
10,1599249327,,,,,,,,,,,6449,,,,,,,,
11,1599249329,,,,,,,,,,,6449,,,,,,,,
12,1599249332,,,,,,,,,,,6449,,,,,,,,
13,1599249334,,,,,,,,,,,6442,,,,,,,,
14,1599249338,,,,,,,,,,,6431,,,,,,,,
15,1599249348,,,,,,,,,,,6431,,,,,,,,
16,1599249350,,,,,,,,,,,6431,,,,,,,,
17,1599249353,,,,,,,,,,,6431,,,,,,,,
18,1599249355,,,,,,,,,,,6434,,,,,,,,
19,1599249357,,,,,,,,,,,6434,,,,,,,,
20,1599249359,,,,,,,,,,,6435,,,,,,,,
21,1599249364,,,,,,,,,,,6790,,,,,,,,
22,1599249810,,,,,,,,,,,7058,,,,,,,,
23,1599249895,,,,,,,,,,,7058,,,,,,,,
24,1599249895,,,,,,,,,,,7058,,,,,,,,
25,1599249896,,,,,,,,,,,7065,,,,,,,,
26,1599249896,,,,,,,,,,,7065,,,,,,,,
27,1599249896,,,,,,,,,,,7066,,,,,,,,
28,1599249896,,,,,,,,,,,7069,,,,,,,,
29,1599249897,,,,,,,,,,,7077,,,,,,,,
30,1599249995,,,,,,,,,,,7078,,,,,,,,
31,1600470460,,,,,,,,,,,7079,,,,,,,,
32,1600710556,,,,,,,,,,,7081,,,,,,,,
33,1601685837,,,,,,,,,,,7082,,,,,,,,
34,1601685837,,,,,,,,,,,7296,,,,,,,,
35,1604000001,,,,,,,,,,,7299,,,,,,,,
36,1604000572,,,,,,,,,,,7298,,,,,,,,
37,1605079959,,,,,,,,,,,7297,,,,,,,,
38,1605084679,,,,,,,,,,,7297,,,,,,,,
39,1605319569,,,,,,,,,,,7297,,,,,,,,
40,1605750454,,,,,,,,,,,7395,,,,,,,,
41,1605835741,,,,,,,,,,,7395,,,,,,,,
42,1605860929,,,,,,,,,,,7425,,,,,,,,
43,1605860929,,,,,,,,,,,8035,,,,,,,,
44,1605860929,,,,,,,,,,,8061,,,,,,,,
45,1605860929,,,,,,,,,,,8060,,,,,,,,
46,1607632856,,,,,,,,,,,8063,,,,,,,,
47,1611948104,,,,,,,,,,,8061,,,,,,,,
48,1614648157,,,,,,,,,,,8063,,,,,,,,
49,1619048496,,,,,,,,,,,8107,,,,,,,,
50,1625718796,,,,,,,,,,,8107,,,,,,,,
51,1627351112,,,,,,,,,,,8106,,,,,,,,
52,1627588057,,,,,,,,,,,8119,,,,,,,,
53,1627588057,,,,,,,,,,,8123,,,,,,,,
54,1627680868,,,,,,,,,,,8119,,,,,,,,
55,1628629920,,,,,,,,,,,8120,,,,,,,,
56,1629410748,,,,,,,,,,,8189,,,,,,,,
57,1629503291,,,,,,,,,,,8189,,,,,,,,
58,1630614066,,,,,,,,,,,8189,,,,,,,,
59,1633030474,,,,,,,,,,,8120,,,,,,,,
60,1634859302,,,,,,,,,,,8204,,,,,,,,
61,1635968623,,,,,,,,,,,8254,,,,,,,,
62,1638915002,,,,,,,,,,,8253,,,,,,,,
63,1644629812,,,,,,,,,,,8301,,,,,,,,
64,1644791481,,,,,,,,,,,8253,,,,,,,,
65,1644973475,,,,,,,,,,,8475,,,,,,,,
66,1645228072,,,,,,,,,,,8806,,,,,,,,
67,1645228072,,,,,,,,,,,8847,,,,,,,,
68,1645235606,,,,,,,,,,,8848,,,,,,,,
69,1647403951,,,,,,,,,,,8848,,,,,,,,
70,1649441430,,,,,,,,,,,8848,,,,,,,,
71,1650659023,,,,,,,,,,,8849,,,,,,,,
72,1651860683,,,,,,,,,,,8849,,,,,,,,
73,1654209362,,,,,,,,,,,8849,,,,,,,,
74,1657311837,,,,,,,,,,,8851,,,,,,,,
75,1659055663,,,,,,,,,,,8837,,,,,,,,
76,1663051878,,,,,,,,,,,8837,,,,,,,,
77,1665729225,,,,,,,,,,,8852,,,,,,,,
78,1670957672,,,,,,,,,,,8931,,,,,,,,
79,1671440460,,,,,,,,,,,9058,,,,,,,,
80,1671440460,,,,,,,,,,,9034,,,,,,,,
81,1671440460,,,,,,,,,,,9046,,,,,,,,
82,1671440460,,,,,,,,,,,9013,,,,,,,,
83,1671440460,,,,,,,,,,,8944,,,,,,,,
84,1671440460,,,,,,,,,,,8981,,,,,,,,
85,1671440460,,,,,,,,,,,8960,,,,,,,,
86,1671440460,,,,,,,,,,,8940,,,,,,,,
87,1671440460,,,,,,,,,,,8991,,,,,,,,
88,1671522757,,,,,,,,,,,9103,,,,,,,,
89,1671522757,,,,,,,,,,,9105,,,,,,,,
90,1675213384,,,,,,,,,,,9107,,,,,,,,
91,1676890946,,,,,,,,,,,9934,,,,,,,,
92,1676890946,,,,,,,,,,,10087,,,,,,,,
93,1677004791,,,,,,,,,,,10124,,,,,,,,
94,1678129381,,,,,,,,,,,10193,,,,,,,,
95,1678129381,,,,,,,,,,,10224,,,,,,,,
96,1678129381,,,,,,,,,,,10224,,,,,,,,
97,1678129381,,,,,,,,,,,10204,,,,,,,,
98,1678323100,,,,,,,,,,,10197,,,,,,,,
99,1678480835,,,,,,,,,,,10210,,,,,,,,
100,1679989052,,,,,,,,,,,10177,,,,,,,,
101,1680654151,,,,,,,,,,,10174,,,,,,,,
102,1681282922,,,,,,,,,,,10458,,,,,,,,
103,1683268623,,,,,,,,,,,10497,,,,,,,,
104,1684955113,,,,,,,,,,,12096,,,,,,,,
105,1688537552,,,,,,,,,,,12140,,,,,,,,
0,992271902,,,,,,,,,,,,0,,,,,,,
1,993101133,,,,,,,,,,,,0,,,,,,,
2,993441337,,,,,,,,,,,,0,,,,,,,
3,993685271,,,,,,,,,,,,0,,,,,,,
4,1119914912,,,,,,,,,,,,8,,,,,,,
5,1120259516,,,,,,,,,,,,8,,,,,,,
6,1120778503,,,,,,,,,,,,8,,,,,,,
7,1121057373,,,,,,,,,,,,8,,,,,,,
8,1195507014,,,,,,,,,,,,14,,,,,,,
9,1195762984,,,,,,,,,,,,14,,,,,,,
10,1195857751,,,,,,,,,,,,14,,,,,,,
11,1196041157,,,,,,,,,,,,14,,,,,,,
12,1238652432,,,,,,,,,,,,20,,,,,,,
13,1238715600,,,,,,,,,,,,20,,,,,,,
14,1238755131,,,,,,,,,,,,20,,,,,,,
15,1238796563,,,,,,,,,,,,20,,,,,,,
16,1263947217,,,,,,,,,,,,31,,,,,,,
17,1263967262,,,,,,,,,,,,31,,,,,,,
18,1264004500,,,,,,,,,,,,31,,,,,,,
19,1264023408,,,,,,,,,,,,31,,,,,,,
20,1289509726,,,,,,,,,,,,358,,,,,,,
21,1289522963,,,,,,,,,,,,358,,,,,,,
22,1289560868,,,,,,,,,,,,358,,,,,,,
23,1289589846,,,,,,,,,,,,358,,,,,,,
24,1318201069,,,,,,,,,,,,733,,,,,,,
25,1318269209,,,,,,,,,,,,738,,,,,,,
26,1318278723,,,,,,,,,,,,738,,,,,,,
27,1318290275,,,,,,,,,,,,738,,,,,,,
28,1347447986,,,,,,,,,,,,2169,,,,,,,
29,1347471625,,,,,,,,,,,,2169,,,,,,,
30,1347491028,,,,,,,,,,,,2169,,,,,,,
31,1347521219,,,,,,,,,,,,2169,,,,,,,
32,1372461845,,,,,,,,,,,,2738,,,,,,,
33,1372523834,,,,,,,,,,,,2738,,,,,,,
34,1372603658,,,,,,,,,,,,2738,,,,,,,
35,1372666008,,,,,,,,,,,,2738,,,,,,,
36,1397054611,,,,,,,,,,,,3633,,,,,,,
37,1397058023,,,,,,,,,,,,3633,,,,,,,
38,1397081826,,,,,,,,,,,,3633,,,,,,,
39,1397123072,,,,,,,,,,,,3633,,,,,,,
40,1421658028,,,,,,,,,,,,4450,,,,,,,
41,1421671013,,,,,,,,,,,,4450,,,,,,,
42,1421693779,,,,,,,,,,,,4450,,,,,,,
43,1421705761,,,,,,,,,,,,4450,,,,,,,
44,1441740137,,,,,,,,,,,,4694,,,,,,,
45,1441746685,,,,,,,,,,,,4694,,,,,,,
46,1441752706,,,,,,,,,,,,4694,,,,,,,
47,1441769092,,,,,,,,,,,,4694,,,,,,,
48,1461472714,,,,,,,,,,,,5170,,,,,,,
49,1461515615,,,,,,,,,,,,5170,,,,,,,
50,1461546075,,,,,,,,,,,,5170,,,,,,,
51,1461589300,,,,,,,,,,,,5170,,,,,,,
52,1479506083,,,,,,,,,,,,7236,,,,,,,
53,1479511913,,,,,,,,,,,,7236,,,,,,,
54,1479525530,,,,,,,,,,,,7236,,,,,,,
55,1479583612,,,,,,,,,,,,7236,,,,,,,
56,1499817370,,,,,,,,,,,,8696,,,,,,,
57,1499846624,,,,,,,,,,,,8696,,,,,,,
58,1499864078,,,,,,,,,,,,8696,,,,,,,
59,1499879513,,,,,,,,,,,,8696,,,,,,,
60,1521577456,,,,,,,,,,,,8612,,,,,,,
61,1521586813,,,,,,,,,,,,8612,,,,,,,
62,1521622124,,,,,,,,,,,,8625,,,,,,,
63,1521644644,,,,,,,,,,,,8637,,,,,,,
64,1542396051,,,,,,,,,,,,11684,,,,,,,
65,1542403200,,,,,,,,,,,,11684,,,,,,,
66,1547144936,,,,,,,,,,,,1010,,,,,,,
67,1548289877,,,,,,,,,,,,1013,,,,,,,
68,1561128195,,,,,,,,,,,,13088,,,,,,,
69,1561138121,,,,,,,,,,,,13088,,,,,,,
70,1561150899,,,,,,,,,,,,13088,,,,,,,
71,1561165984,,,,,,,,,,,,13088,,,,,,,
72,1579270898,,,,,,,,,,,,14596,,,,,,,
73,1579281056,,,,,,,,,,,,14596,,,,,,,
74,1579286872,,,,,,,,,,,,14596,,,,,,,
75,1579297174,,,,,,,,,,,,14597,,,,,,,
76,1595882533,,,,,,,,,,,,17875,,,,,,,
77,1595906260,,,,,,,,,,,,17875,,,,,,,
78,1595932575,,,,,,,,,,,,17875,,,,,,,
79,1595949485,,,,,,,,,,,,17875,,,,,,,
80,1613761614,,,,,,,,,,,,19742,,,,,,,
81,1613776484,,,,,,,,,,,,19742,,,,,,,
82,1613807992,,,,,,,,,,,,19754,,,,,,,
83,1613843192,,,,,,,,,,,,19754,,,,,,,
84,1632163790,,,,,,,,,,,,22611,,,,,,,
85,1632189463,,,,,,,,,,,,22611,,,,,,,
86,1632219075,,,,,,,,,,,,22611,,,,,,,
87,1632233917,,,,,,,,,,,,22611,,,,,,,
88,1648625152,,,,,,,,,,,,25574,,,,,,,
89,1648642280,,,,,,,,,,,,25574,,,,,,,
90,1648661590,,,,,,,,,,,,25579,,,,,,,
91,1648674628,,,,,,,,,,,,25579,,,,,,,
92,1665575232,,,,,,,,,,,,30677,,,,,,,
93,1665585174,,,,,,,,,,,,30677,,,,,,,
94,1665596634,,,,,,,,,,,,30723,,,,,,,
95,1665604488,,,,,,,,,,,,30726,,,,,,,
96,1681377984,,,,,,,,,,,,34556,,,,,,,
97,1681388959,,,,,,,,,,,,34556,,,,,,,
98,1681400443,,,,,,,,,,,,34572,,,,,,,
99,1681408515,,,,,,,,,,,,34572,,,,,,,
100,1696396146,,,,,,,,,,,,39165,,,,,,,
0,1276158171,,,,,,,,,,,,,0,,,,,,
1,1281977364,,,,,,,,,,,,,0,,,,,,
2,1289570675,,,,,,,,,,,,,0,,,,,,
3,1291451436,,,,,,,,,,,,,0,,,,,,
4,1296555790,,,,,,,,,,,,,0,,,,,,
5,1304443697,,,,,,,,,,,,,0,,,,,,
6,1307356019,,,,,,,,,,,,,0,,,,,,
7,1309525863,,,,,,,,,,,,,0,,,,,,
8,1311927120,,,,,,,,,,,,,0,,,,,,
9,1315388292,,,,,,,,,,,,,0,,,,,,
10,1322638725,,,,,,,,,,,,,0,,,,,,
11,1330364813,,,,,,,,,,,,,0,,,,,,
12,1333088361,,,,,,,,,,,,,0,,,,,,
13,1334753922,,,,,,,,,,,,,0,,,,,,
14,1338393413,,,,,,,,,,,,,0,,,,,,
15,1341238754,,,,,,,,,,,,,0,,,,,,
16,1344605872,,,,,,,,,,,,,0,,,,,,
17,1347017718,,,,,,,,,,,,,0,,,,,,
18,1350033377,,,,,,,,,,,,,0,,,,,,
19,1352447174,,,,,,,,,,,,,0,,,,,,
20,1355493247,,,,,,,,,,,,,0,,,,,,
21,1359490050,,,,,,,,,,,,,0,,,,,,
22,1360756490,,,,,,,,,,,,,0,,,,,,
23,1363167802,,,,,,,,,,,,,0,,,,,,
24,1365063493,,,,,,,,,,,,,0,,,,,,
25,1368450450,,,,,,,,,,,,,0,,,,,,
26,1371196085,,,,,,,,,,,,,0,,,,,,
27,1373004982,,,,,,,,,,,,,0,,,,,,
28,1374845251,,,,,,,,,,,,,0,,,,,,
29,1377055904,,,,,,,,,,,,,0,,,,,,
30,1378407393,,,,,,,,,,,,,0,,,,,,
31,1380539558,,,,,,,,,,,,,0,,,,,,
32,1382360004,,,,,,,,,,,,,0,,,,,,
33,1384435546,,,,,,,,,,,,,0,,,,,,
34,1386209614,,,,,,,,,,,,,0,,,,,,
35,1388099977,,,,,,,,,,,,,0,,,,,,
36,1390295379,,,,,,,,,,,,,0,,,,,,
37,1391769549,,,,,,,,,,,,,0,,,,,,
38,1393962432,,,,,,,,,,,,,0,,,,,,
39,1396529637,,,,,,,,,,,,,0,,,,,,
40,1398629268,,,,,,,,,,,,,0,,,,,,
41,1401787182,,,,,,,,,,,,,0,,,,,,
42,1405398773,,,,,,,,,,,,,0,,,,,,
43,1407412154,,,,,,,,,,,,,0,,,,,,
44,1409143458,,,,,,,,,,,,,0,,,,,,
45,1412261104,,,,,,,,,,,,,0,,,,,,
46,1415247138,,,,,,,,,,,,,0,,,,,,
47,1419926793,,,,,,,,,,,,,0,,,,,,
48,1423122459,,,,,,,,,,,,,0,,,,,,
49,1425937262,,,,,,,,,,,,,0,,,,,,
50,1429440922,,,,,,,,,,,,,0,,,,,,
51,1432045723,,,,,,,,,,,,,0,,,,,,
52,1436347141,,,,,,,,,,,,,0,,,,,,
53,1441385381,,,,,,,,,,,,,0,,,,,,
54,1445268455,,,,,,,,,,,,,0,,,,,,
55,1449731950,,,,,,,,,,,,,0,,,,,,
56,1455425294,,,,,,,,,,,,,0,,,,,,
57,1461575786,,,,,,,,,,,,,0,,,,,,
58,1468497654,,,,,,,,,,,,,0,,,,,,
59,1472130047,,,,,,,,,,,,,0,,,,,,
60,1476630575,,,,,,,,,,,,,0,,,,,,
61,1480614138,,,,,,,,,,,,,0,,,,,,
62,1485454468,,,,,,,,,,,,,0,,,,,,
63,1491076410,,,,,,,,,,,,,0,,,,,,
64,1497464410,,,,,,,,,,,,,0,,,,,,
65,1500569890,,,,,,,,,,,,,2,,,,,,
66,1504777340,,,,,,,,,,,,,2,,,,,,
67,1508077761,,,,,,,,,,,,,2,,,,,,
68,1512121099,,,,,,,,,,,,,2,,,,,,
69,1515439828,,,,,,,,,,,,,2,,,,,,
70,1519049471,,,,,,,,,,,,,11,,,,,,
71,1523283695,,,,,,,,,,,,,11,,,,,,
72,1527531562,,,,,,,,,,,,,11,,,,,,
73,1531756287,,,,,,,,,,,,,11,,,,,,
74,1535805537,,,,,,,,,,,,,11,,,,,,
75,1538731687,,,,,,,,,,,,,11,,,,,,
76,1541769627,,,,,,,,,,,,,11,,,,,,
77,1545230700,,,,,,,,,,,,,119,,,,,,
78,1551356463,,,,,,,,,,,,,11,,,,,,
79,1555441447,,,,,,,,,,,,,11,,,,,,
80,1560511237,,,,,,,,,,,,,148,,,,,,
81,1565617445,,,,,,,,,,,,,162,,,,,,
82,1571424095,,,,,,,,,,,,,12,,,,,,
83,1576665035,,,,,,,,,,,,,12,,,,,,
84,1582168212,,,,,,,,,,,,,12,,,,,,
85,1586341113,,,,,,,,,,,,,14,,,,,,
86,1591688468,,,,,,,,,,,,,238,,,,,,
87,1596692044,,,,,,,,,,,,,281,,,,,,
88,1602787428,,,,,,,,,,,,,14,,,,,,
89,1607604804,,,,,,,,,,,,,14,,,,,,
90,1613419042,,,,,,,,,,,,,329,,,,,,
91,1618912662,,,,,,,,,,,,,330,,,,,,
92,1627050897,,,,,,,,,,,,,14,,,,,,
93,1634650509,,,,,,,,,,,,,14,,,,,,
94,1640305308,,,,,,,,,,,,,14,,,,,,
95,1649316732,,,,,,,,,,,,,1797,,,,,,
96,1660211991,,,,,,,,,,,,,1797,,,,,,
97,1667821340,,,,,,,,,,,,,1798,,,,,,
98,1678839895,,,,,,,,,,,,,1818,,,,,,
99,1686934700,,,,,,,,,,,,,1860,,,,,,
100,1696344342,,,,,,,,,,,,,1860,,,,,,
0,1379639484,,,,,,,,,,,,,,0,,,,,
1,1390874488,,,,,,,,,,,,,,0,,,,,
2,1415758552,,,,,,,,,,,,,,0,,,,,
3,1443129678,,,,,,,,,,,,,,0,,,,,
4,1463699729,,,,,,,,,,,,,,0,,,,,
5,1478125738,,,,,,,,,,,,,,0,,,,,
6,1479060988,,,,,,,,,,,,,,0,,,,,
7,1485211957,,,,,,,,,,,,,,0,,,,,
8,1492709890,,,,,,,,,,,,,,3,,,,,
9,1510184399,,,,,,,,,,,,,,6,,,,,
10,1527709369,,,,,,,,,,,,,,6,,,,,
11,1541099686,,,,,,,,,,,,,,6,,,,,
12,1544180868,,,,,,,,,,,,,,6,,,,,
13,1546707489,,,,,,,,,,,,,,6,,,,,
14,1547733547,,,,,,,,,,,,,,6,,,,,
15,1548277120,,,,,,,,,,,,,,6,,,,,
16,1548971588,,,,,,,,,,,,,,6,,,,,
17,1549898127,,,,,,,,,,,,,,6,,,,,
18,1551656274,,,,,,,,,,,,,,6,,,,,
19,1552418521,,,,,,,,,,,,,,6,,,,,
20,1553699833,,,,,,,,,,,,,,6,,,,,
21,1555125261,,,,,,,,,,,,,,6,,,,,
22,1556186101,,,,,,,,,,,,,,6,,,,,
23,1556761399,,,,,,,,,,,,,,6,,,,,
24,1557262715,,,,,,,,,,,,,,6,,,,,
25,1558463453,,,,,,,,,,,,,,6,,,,,
26,1559169462,,,,,,,,,,,,,,6,,,,,
27,1560467863,,,,,,,,,,,,,,6,,,,,
28,1561143577,,,,,,,,,,,,,,6,,,,,
29,1561655965,,,,,,,,,,,,,,7,,,,,
30,1562859139,,,,,,,,,,,,,,7,,,,,
31,1565334280,,,,,,,,,,,,,,7,,,,,
32,1567547157,,,,,,,,,,,,,,7,,,,,
33,1569262183,,,,,,,,,,,,,,7,,,,,
34,1570737765,,,,,,,,,,,,,,7,,,,,
35,1572557392,,,,,,,,,,,,,,7,,,,,
36,1574224811,,,,,,,,,,,,,,7,,,,,
37,1574740078,,,,,,,,,,,,,,7,,,,,
38,1575063506,,,,,,,,,,,,,,7,,,,,
39,1575895828,,,,,,,,,,,,,,7,,,,,
40,1576617299,,,,,,,,,,,,,,7,,,,,
41,1580145315,,,,,,,,,,,,,,7,,,,,
42,1582260113,,,,,,,,,,,,,,7,,,,,
43,1582937754,,,,,,,,,,,,,,7,,,,,
44,1584651249,,,,,,,,,,,,,,8,,,,,
45,1585801666,,,,,,,,,,,,,,8,,,,,
46,1587147913,,,,,,,,,,,,,,8,,,,,
47,1588048250,,,,,,,,,,,,,,8,,,,,
48,1591208527,,,,,,,,,,,,,,8,,,,,
49,1592064004,,,,,,,,,,,,,,5,,,,,
50,1595290364,,,,,,,,,,,,,,21,,,,,
51,1597317171,,,,,,,,,,,,,,24,,,,,
52,1597409266,,,,,,,,,,,,,,23,,,,,
53,1598567631,,,,,,,,,,,,,,25,,,,,
54,1599166909,,,,,,,,,,,,,,23,,,,,
55,1601494570,,,,,,,,,,,,,,25,,,,,
56,1603861215,,,,,,,,,,,,,,25,,,,,
57,1605362910,,,,,,,,,,,,,,35,,,,,
58,1606845938,,,,,,,,,,,,,,37,,,,,
59,1608234086,,,,,,,,,,,,,,37,,,,,
60,1608698568,,,,,,,,,,,,,,37,,,,,
61,1610470133,,,,,,,,,,,,,,37,,,,,
62,1612333369,,,,,,,,,,,,,,37,,,,,
63,1612552898,,,,,,,,,,,,,,37,,,,,
64,1614099842,,,,,,,,,,,,,,42,,,,,
65,1614973775,,,,,,,,,,,,,,47,,,,,
66,1615929046,,,,,,,,,,,,,,37,,,,,
67,1616557278,,,,,,,,,,,,,,46,,,,,
68,1617707265,,,,,,,,,,,,,,46,,,,,
69,1618364241,,,,,,,,,,,,,,46,,,,,
70,1619702925,,,,,,,,,,,,,,46,,,,,
71,1620945059,,,,,,,,,,,,,,49,,,,,
72,1622563253,,,,,,,,,,,,,,52,,,,,
73,1623409664,,,,,,,,,,,,,,52,,,,,
74,1626489878,,,,,,,,,,,,,,52,,,,,
75,1630470141,,,,,,,,,,,,,,52,,,,,
76,1632571241,,,,,,,,,,,,,,52,,,,,
77,1633482951,,,,,,,,,,,,,,52,,,,,
78,1634683510,,,,,,,,,,,,,,52,,,,,
79,1635288081,,,,,,,,,,,,,,138,,,,,
80,1635443749,,,,,,,,,,,,,,138,,,,,
81,1636046445,,,,,,,,,,,,,,138,,,,,
82,1637240951,,,,,,,,,,,,,,138,,,,,
83,1640709413,,,,,,,,,,,,,,138,,,,,
84,1646288388,,,,,,,,,,,,,,138,,,,,
85,1649182348,,,,,,,,,,,,,,139,,,,,
86,1651096093,,,,,,,,,,,,,,141,,,,,
87,1653426897,,,,,,,,,,,,,,141,,,,,
88,1655023842,,,,,,,,,,,,,,144,,,,,
89,1658082789,,,,,,,,,,,,,,145,,,,,
90,1661370114,,,,,,,,,,,,,,146,,,,,
91,1663092994,,,,,,,,,,,,,,141,,,,,
92,1664834743,,,,,,,,,,,,,,148,,,,,
93,1665295401,,,,,,,,,,,,,,168,,,,,
94,1666069078,,,,,,,,,,,,,,168,,,,,
95,1666285750,,,,,,,,,,,,,,147,,,,,
96,1666731193,,,,,,,,,,,,,,168,,,,,
97,1667846684,,,,,,,,,,,,,,217,,,,,
98,1671061713,,,,,,,,,,,,,,286,,,,,
99,1675101314,,,,,,,,,,,,,,311,,,,,
100,1686074993,,,,,,,,,,,,,,327,,,,,
101,1696326800,,,,,,,,,,,,,,330,,,,,
0,1299568885,,,,,,,,,,,,,,,0,,,,
1,1300401323,,,,,,,,,,,,,,,0,,,,
2,1301638766,,,,,,,,,,,,,,,0,,,,
3,1302807011,,,,,,,,,,,,,,,0,,,,
4,1303238412,,,,,,,,,,,,,,,0,,,,
5,1304024346,,,,,,,,,,,,,,,0,,,,
6,1304877842,,,,,,,,,,,,,,,0,,,,
7,1306330270,,,,,,,,,,,,,,,0,,,,
8,1307920394,,,,,,,,,,,,,,,0,,,,
9,1308569380,,,,,,,,,,,,,,,0,,,,
10,1310068822,,,,,,,,,,,,,,,0,,,,
11,1310693018,,,,,,,,,,,,,,,0,,,,
12,1312846050,,,,,,,,,,,,,,,0,,,,
13,1313682544,,,,,,,,,,,,,,,0,,,,
14,1314798931,,,,,,,,,,,,,,,0,,,,
15,1316307823,,,,,,,,,,,,,,,0,,,,
16,1318273232,,,,,,,,,,,,,,,0,,,,
17,1319497805,,,,,,,,,,,,,,,0,,,,
18,1320130146,,,,,,,,,,,,,,,0,,,,
19,1322151367,,,,,,,,,,,,,,,0,,,,
20,1323207802,,,,,,,,,,,,,,,0,,,,
21,1324337738,,,,,,,,,,,,,,,0,,,,
22,1325330073,,,,,,,,,,,,,,,0,,,,
23,1326778100,,,,,,,,,,,,,,,0,,,,
24,1327975247,,,,,,,,,,,,,,,0,,,,
25,1328297773,,,,,,,,,,,,,,,0,,,,
26,1329163283,,,,,,,,,,,,,,,0,,,,
27,1329834678,,,,,,,,,,,,,,,0,,,,
28,1330304065,,,,,,,,,,,,,,,0,,,,
29,1331144915,,,,,,,,,,,,,,,0,,,,
30,1331830988,,,,,,,,,,,,,,,0,,,,
31,1332637862,,,,,,,,,,,,,,,0,,,,
32,1333124038,,,,,,,,,,,,,,,0,,,,
33,1335225310,,,,,,,,,,,,,,,0,,,,
34,1337787022,,,,,,,,,,,,,,,0,,,,
35,1340113479,,,,,,,,,,,,,,,0,,,,
36,1341428199,,,,,,,,,,,,,,,0,,,,
37,1341981587,,,,,,,,,,,,,,,0,,,,
38,1343037880,,,,,,,,,,,,,,,0,,,,
39,1343921148,,,,,,,,,,,,,,,0,,,,
40,1345005722,,,,,,,,,,,,,,,0,,,,
41,1346197034,,,,,,,,,,,,,,,0,,,,
42,1347638446,,,,,,,,,,,,,,,0,,,,
43,1348678702,,,,,,,,,,,,,,,0,,,,
44,1349401430,,,,,,,,,,,,,,,0,,,,
45,1350639453,,,,,,,,,,,,,,,0,,,,
46,1351797771,,,,,,,,,,,,,,,0,,,,
47,1352898199,,,,,,,,,,,,,,,0,,,,
48,1353946271,,,,,,,,,,,,,,,0,,,,
49,1355249554,,,,,,,,,,,,,,,0,,,,
50,1357167067,,,,,,,,,,,,,,,0,,,,
51,1358294157,,,,,,,,,,,,,,,0,,,,
52,1359999739,,,,,,,,,,,,,,,0,,,,
53,1363551820,,,,,,,,,,,,,,,0,,,,
54,1368039131,,,,,,,,,,,,,,,0,,,,
55,1371861619,,,,,,,,,,,,,,,0,,,,
56,1377531864,,,,,,,,,,,,,,,0,,,,
57,1381564085,,,,,,,,,,,,,,,0,,,,
58,1386960257,,,,,,,,,,,,,,,0,,,,
59,1390412873,,,,,,,,,,,,,,,0,,,,
60,1392761325,,,,,,,,,,,,,,,0,,,,
61,1396555371,,,,,,,,,,,,,,,0,,,,
62,1400894743,,,,,,,,,,,,,,,0,,,,
63,1405084433,,,,,,,,,,,,,,,0,,,,
64,1410434339,,,,,,,,,,,,,,,0,,,,
65,1416834439,,,,,,,,,,,,,,,0,,,,
66,1421684627,,,,,,,,,,,,,,,0,,,,
67,1431088741,,,,,,,,,,,,,,,0,,,,
68,1442072875,,,,,,,,,,,,,,,0,,,,
69,1449187780,,,,,,,,,,,,,,,0,,,,
70,1471382069,,,,,,,,,,,,,,,0,,,,
71,1495554190,,,,,,,,,,,,,,,0,,,,
72,1504511859,,,,,,,,,,,,,,,0,,,,
73,1512742474,,,,,,,,,,,,,,,0,,,,
74,1520870550,,,,,,,,,,,,,,,0,,,,
75,1537171235,,,,,,,,,,,,,,,0,,,,
76,1539857658,,,,,,,,,,,,,,,0,,,,
77,1544552205,,,,,,,,,,,,,,,0,,,,
78,1549307810,,,,,,,,,,,,,,,56,,,,
79,1553700827,,,,,,,,,,,,,,,56,,,,
80,1556804116,,,,,,,,,,,,,,,57,,,,
81,1560436667,,,,,,,,,,,,,,,57,,,,
82,1564517859,,,,,,,,,,,,,,,57,,,,
83,1569913759,,,,,,,,,,,,,,,97,,,,
84,1574791132,,,,,,,,,,,,,,,108,,,,
85,1579509858,,,,,,,,,,,,,,,110,,,,
86,1583998120,,,,,,,,,,,,,,,112,,,,
87,1586427214,,,,,,,,,,,,,,,115,,,,
88,1588526542,,,,,,,,,,,,,,,115,,,,
89,1590048361,,,,,,,,,,,,,,,115,,,,
90,1594464421,,,,,,,,,,,,,,,117,,,,
91,1598472662,,,,,,,,,,,,,,,122,,,,
92,1606140659,,,,,,,,,,,,,,,128,,,,
93,1615282249,,,,,,,,,,,,,,,128,,,,
94,1619521404,,,,,,,,,,,,,,,128,,,,
95,1627959084,,,,,,,,,,,,,,,171,,,,
96,1640265210,,,,,,,,,,,,,,,175,,,,
97,1653571342,,,,,,,,,,,,,,,176,,,,
98,1662748299,,,,,,,,,,,,,,,317,,,,
99,1672824762,,,,,,,,,,,,,,,594,,,,
100,1696257751,,,,,,,,,,,,,,,594,,,,
0,1161620709,,,,,,,,,,,,,,,,0,,,
1,1167926488,,,,,,,,,,,,,,,,0,,,
2,1181747669,,,,,,,,,,,,,,,,0,,,
3,1187175473,,,,,,,,,,,,,,,,0,,,
4,1201542470,,,,,,,,,,,,,,,,0,,,
5,1203444788,,,,,,,,,,,,,,,,0,,,
6,1212660014,,,,,,,,,,,,,,,,0,,,
7,1214379399,,,,,,,,,,,,,,,,0,,,
8,1220960933,,,,,,,,,,,,,,,,0,,,
9,1221635979,,,,,,,,,,,,,,,,0,,,
10,1223293011,,,,,,,,,,,,,,,,0,,,
11,1225868030,,,,,,,,,,,,,,,,0,,,
12,1237230891,,,,,,,,,,,,,,,,0,,,
13,1239706941,,,,,,,,,,,,,,,,0,,,
14,1313686605,,,,,,,,,,,,,,,,0,,,
15,1314032415,,,,,,,,,,,,,,,,0,,,
16,1314082123,,,,,,,,,,,,,,,,0,,,
17,1314083023,,,,,,,,,,,,,,,,0,,,
18,1335143674,,,,,,,,,,,,,,,,0,,,
19,1335695899,,,,,,,,,,,,,,,,0,,,
20,1343622145,,,,,,,,,,,,,,,,0,,,
21,1344599323,,,,,,,,,,,,,,,,0,,,
22,1347721767,,,,,,,,,,,,,,,,0,,,
23,1348547065,,,,,,,,,,,,,,,,0,,,
24,1350299059,,,,,,,,,,,,,,,,0,,,
25,1352544579,,,,,,,,,,,,,,,,0,,,
26,1355245381,,,,,,,,,,,,,,,,2,,,
27,1355509184,,,,,,,,,,,,,,,,2,,,
28,1357945925,,,,,,,,,,,,,,,,2,,,
29,1359839420,,,,,,,,,,,,,,,,2,,,
30,1361480392,,,,,,,,,,,,,,,,2,,,
31,1361987515,,,,,,,,,,,,,,,,2,,,
32,1366573690,,,,,,,,,,,,,,,,2,,,
33,1369100267,,,,,,,,,,,,,,,,2,,,
34,1371562552,,,,,,,,,,,,,,,,2,,,
35,1374142862,,,,,,,,,,,,,,,,2,,,
36,1387471313,,,,,,,,,,,,,,,,2,,,
37,1389783408,,,,,,,,,,,,,,,,2,,,
38,1394639371,,,,,,,,,,,,,,,,2,,,
39,1397055954,,,,,,,,,,,,,,,,2,,,
40,1400512350,,,,,,,,,,,,,,,,2,,,
41,1400729010,,,,,,,,,,,,,,,,2,,,
42,1405266806,,,,,,,,,,,,,,,,2,,,
43,1407830634,,,,,,,,,,,,,,,,2,,,
44,1411504337,,,,,,,,,,,,,,,,2,,,
45,1412578458,,,,,,,,,,,,,,,,2,,,
46,1415355124,,,,,,,,,,,,,,,,2,,,
47,1415722237,,,,,,,,,,,,,,,,2,,,
48,1418901249,,,,,,,,,,,,,,,,2,,,
49,1420135830,,,,,,,,,,,,,,,,2,,,
50,1438338772,,,,,,,,,,,,,,,,2,,,
51,1441951457,,,,,,,,,,,,,,,,2,,,
52,1450170881,,,,,,,,,,,,,,,,2,,,
53,1456607094,,,,,,,,,,,,,,,,2,,,
54,1467539905,,,,,,,,,,,,,,,,2,,,
55,1472280301,,,,,,,,,,,,,,,,2,,,
56,1477764749,,,,,,,,,,,,,,,,2,,,
57,1483015338,,,,,,,,,,,,,,,,2,,,
58,1487686081,,,,,,,,,,,,,,,,2,,,
59,1498109399,,,,,,,,,,,,,,,,2,,,
60,1507859213,,,,,,,,,,,,,,,,2,,,
61,1509469578,,,,,,,,,,,,,,,,2,,,
62,1510232667,,,,,,,,,,,,,,,,2,,,
63,1510331551,,,,,,,,,,,,,,,,2,,,
64,1518530021,,,,,,,,,,,,,,,,2,,,
65,1518611220,,,,,,,,,,,,,,,,2,,,
66,1520521878,,,,,,,,,,,,,,,,2,,,
67,1521030659,,,,,,,,,,,,,,,,2,,,
68,1525462993,,,,,,,,,,,,,,,,2,,,
69,1525815033,,,,,,,,,,,,,,,,2,,,
70,1527884228,,,,,,,,,,,,,,,,2,,,
71,1528652779,,,,,,,,,,,,,,,,2,,,
72,1537779351,,,,,,,,,,,,,,,,5,,,
73,1537862273,,,,,,,,,,,,,,,,5,,,
74,1549829534,,,,,,,,,,,,,,,,5,,,
75,1554721890,,,,,,,,,,,,,,,,5,,,
76,1561374529,,,,,,,,,,,,,,,,2,,,
77,1561959775,,,,,,,,,,,,,,,,2,,,
78,1572897832,,,,,,,,,,,,,,,,5,,,
79,1574256161,,,,,,,,,,,,,,,,5,,,
80,1578744607,,,,,,,,,,,,,,,,5,,,
81,1578863697,,,,,,,,,,,,,,,,5,,,
82,1579803521,,,,,,,,,,,,,,,,5,,,
83,1579958994,,,,,,,,,,,,,,,,6,,,
84,1581147413,,,,,,,,,,,,,,,,6,,,
85,1581227204,,,,,,,,,,,,,,,,6,,,
86,1612607524,,,,,,,,,,,,,,,,6,,,
87,1618151880,,,,,,,,,,,,,,,,6,,,
88,1623733248,,,,,,,,,,,,,,,,6,,,
89,1623761378,,,,,,,,,,,,,,,,6,,,
90,1624430227,,,,,,,,,,,,,,,,11,,,
91,1624769374,,,,,,,,,,,,,,,,11,,,
92,1648235302,,,,,,,,,,,,,,,,11,,,
93,1649530526,,,,,,,,,,,,,,,,11,,,
94,1653572996,,,,,,,,,,,,,,,,11,,,
95,1653790653,,,,,,,,,,,,,,,,11,,,
96,1656856536,,,,,,,,,,,,,,,,11,,,
97,1657294158,,,,,,,,,,,,,,,,11,,,
98,1673866391,,,,,,,,,,,,,,,,11,,,
99,1679085930,,,,,,,,,,,,,,,,11,,,
100,1696393858,,,,,,,,,,,,,,,,11,,,
0,1216672110,,,,,,,,,,,,,,,,,0,,
1,1217985141,,,,,,,,,,,,,,,,,0,,
2,1218742407,,,,,,,,,,,,,,,,,0,,
3,1218742410,,,,,,,,,,,,,,,,,0,,
4,1218742413,,,,,,,,,,,,,,,,,0,,
5,1291064518,,,,,,,,,,,,,,,,,0,,
6,1291068466,,,,,,,,,,,,,,,,,0,,
7,1291070596,,,,,,,,,,,,,,,,,0,,
8,1291147274,,,,,,,,,,,,,,,,,0,,
9,1291157005,,,,,,,,,,,,,,,,,0,,
10,1392650888,,,,,,,,,,,,,,,,,0,,
11,1394221170,,,,,,,,,,,,,,,,,0,,
12,1395422248,,,,,,,,,,,,,,,,,0,,
13,1395451240,,,,,,,,,,,,,,,,,0,,
14,1396453885,,,,,,,,,,,,,,,,,0,,
15,1424973877,,,,,,,,,,,,,,,,,1,,
16,1425268318,,,,,,,,,,,,,,,,,1,,
17,1425353491,,,,,,,,,,,,,,,,,1,,
18,1425511715,,,,,,,,,,,,,,,,,1,,
19,1425601530,,,,,,,,,,,,,,,,,1,,
20,1439020793,,,,,,,,,,,,,,,,,2,,
21,1439207089,,,,,,,,,,,,,,,,,2,,
22,1439325825,,,,,,,,,,,,,,,,,2,,
23,1439425568,,,,,,,,,,,,,,,,,0,,
24,1439446074,,,,,,,,,,,,,,,,,2,,
25,1459782810,,,,,,,,,,,,,,,,,13,,
26,1459885937,,,,,,,,,,,,,,,,,13,,
27,1459935019,,,,,,,,,,,,,,,,,13,,
28,1459984346,,,,,,,,,,,,,,,,,0,,
29,1460063095,,,,,,,,,,,,,,,,,13,,
30,1476207385,,,,,,,,,,,,,,,,,13,,
31,1476397878,,,,,,,,,,,,,,,,,13,,
32,1476923639,,,,,,,,,,,,,,,,,13,,
33,1477514436,,,,,,,,,,,,,,,,,13,,
34,1477598805,,,,,,,,,,,,,,,,,13,,
35,1500503368,,,,,,,,,,,,,,,,,35,,
36,1500827284,,,,,,,,,,,,,,,,,35,,
37,1500915107,,,,,,,,,,,,,,,,,35,,
38,1500933124,,,,,,,,,,,,,,,,,35,,
39,1500938623,,,,,,,,,,,,,,,,,37,,
40,1523025434,,,,,,,,,,,,,,,,,106,,
41,1523391977,,,,,,,,,,,,,,,,,106,,
42,1523400971,,,,,,,,,,,,,,,,,106,,
43,1523920110,,,,,,,,,,,,,,,,,106,,
44,1524244081,,,,,,,,,,,,,,,,,106,,
45,1545352046,,,,,,,,,,,,,,,,,151,,
46,1545521431,,,,,,,,,,,,,,,,,0,,
47,1545614783,,,,,,,,,,,,,,,,,0,,
48,1545681696,,,,,,,,,,,,,,,,,0,,
49,1546315340,,,,,,,,,,,,,,,,,0,,
50,1566583802,,,,,,,,,,,,,,,,,341,,
51,1566598596,,,,,,,,,,,,,,,,,341,,
52,1566598596,,,,,,,,,,,,,,,,,341,,
53,1566598597,,,,,,,,,,,,,,,,,341,,
54,1566598597,,,,,,,,,,,,,,,,,341,,
55,1591120684,,,,,,,,,,,,,,,,,410,,
56,1591124787,,,,,,,,,,,,,,,,,410,,
57,1591135967,,,,,,,,,,,,,,,,,410,,
58,1591186960,,,,,,,,,,,,,,,,,410,,
59,1591192114,,,,,,,,,,,,,,,,,410,,
60,1612991282,,,,,,,,,,,,,,,,,658,,
61,1613088930,,,,,,,,,,,,,,,,,658,,
62,1613090190,,,,,,,,,,,,,,,,,658,,
63,1613425444,,,,,,,,,,,,,,,,,658,,
64,1613587152,,,,,,,,,,,,,,,,,658,,
65,1630344399,,,,,,,,,,,,,,,,,702,,
66,1630437251,,,,,,,,,,,,,,,,,702,,
67,1630491250,,,,,,,,,,,,,,,,,702,,
68,1630686272,,,,,,,,,,,,,,,,,702,,
69,1631201489,,,,,,,,,,,,,,,,,704,,
70,1644382906,,,,,,,,,,,,,,,,,713,,
71,1644423705,,,,,,,,,,,,,,,,,713,,
72,1644513380,,,,,,,,,,,,,,,,,713,,
73,1644607152,,,,,,,,,,,,,,,,,713,,
74,1644623746,,,,,,,,,,,,,,,,,713,,
75,1655395150,,,,,,,,,,,,,,,,,619,,
76,1655519654,,,,,,,,,,,,,,,,,634,,
77,1655600466,,,,,,,,,,,,,,,,,634,,
78,1655775575,,,,,,,,,,,,,,,,,2,,
79,1655841160,,,,,,,,,,,,,,,,,634,,
80,1665521781,,,,,,,,,,,,,,,,,4,,
81,1665620867,,,,,,,,,,,,,,,,,561,,
82,1665682449,,,,,,,,,,,,,,,,,561,,
83,1665775805,,,,,,,,,,,,,,,,,4,,
84,1665790098,,,,,,,,,,,,,,,,,697,,
85,1674180658,,,,,,,,,,,,,,,,,742,,
86,1674246849,,,,,,,,,,,,,,,,,742,,
87,1674262440,,,,,,,,,,,,,,,,,742,,
88,1674269884,,,,,,,,,,,,,,,,,11,,
89,1674273346,,,,,,,,,,,,,,,,,11,,
90,1681848174,,,,,,,,,,,,,,,,,17,,
91,1681855760,,,,,,,,,,,,,,,,,845,,
92,1681932482,,,,,,,,,,,,,,,,,17,,
93,1681939014,,,,,,,,,,,,,,,,,845,,
94,1681998966,,,,,,,,,,,,,,,,,845,,
95,1689129439,,,,,,,,,,,,,,,,,1070,,
96,1689164589,,,,,,,,,,,,,,,,,1070,,
97,1689182158,,,,,,,,,,,,,,,,,1071,,
98,1689189383,,,,,,,,,,,,,,,,,1071,,
99,1689200283,,,,,,,,,,,,,,,,,1071,,
100,1696392877,,,,,,,,,,,,,,,,,1291,,
0,1303996071,,,,,,,,,,,,,,,,,,0,
1,1305729304,,,,,,,,,,,,,,,,,,0,
2,1311158845,,,,,,,,,,,,,,,,,,1,
3,1327045783,,,,,,,,,,,,,,,,,,2,
4,1329269715,,,,,,,,,,,,,,,,,,5,
5,1331054649,,,,,,,,,,,,,,,,,,5,
6,1332875675,,,,,,,,,,,,,,,,,,5,
7,1334857567,,,,,,,,,,,,,,,,,,5,
8,1337384704,,,,,,,,,,,,,,,,,,5,
9,1340116804,,,,,,,,,,,,,,,,,,5,
10,1342467388,,,,,,,,,,,,,,,,,,7,
11,1345539920,,,,,,,,,,,,,,,,,,22,
12,1348514871,,,,,,,,,,,,,,,,,,22,
13,1351167004,,,,,,,,,,,,,,,,,,22,
14,1354116117,,,,,,,,,,,,,,,,,,23,
15,1357923120,,,,,,,,,,,,,,,,,,23,
16,1361404705,,,,,,,,,,,,,,,,,,23,
17,1363818631,,,,,,,,,,,,,,,,,,25,
18,1367938328,,,,,,,,,,,,,,,,,,25,
19,1372745900,,,,,,,,,,,,,,,,,,25,
20,1377618640,,,,,,,,,,,,,,,,,,26,
21,1380543518,,,,,,,,,,,,,,,,,,26,
22,1383933507,,,,,,,,,,,,,,,,,,26,
23,1389120376,,,,,,,,,,,,,,,,,,26,
24,1392280517,,,,,,,,,,,,,,,,,,33,
25,1395319535,,,,,,,,,,,,,,,,,,39,
26,1399045005,,,,,,,,,,,,,,,,,,39,
27,1404111575,,,,,,,,,,,,,,,,,,39,
28,1408239990,,,,,,,,,,,,,,,,,,53,
29,1412094184,,,,,,,,,,,,,,,,,,53,
30,1415905463,,,,,,,,,,,,,,,,,,53,
31,1420796166,,,,,,,,,,,,,,,,,,62,
32,1423810782,,,,,,,,,,,,,,,,,,63,
33,1426859494,,,,,,,,,,,,,,,,,,69,
34,1431328546,,,,,,,,,,,,,,,,,,55,
35,1436342441,,,,,,,,,,,,,,,,,,69,
36,1440703658,,,,,,,,,,,,,,,,,,72,
37,1445582147,,,,,,,,,,,,,,,,,,72,
38,1449653774,,,,,,,,,,,,,,,,,,72,
39,1454055360,,,,,,,,,,,,,,,,,,75,
40,1458119999,,,,,,,,,,,,,,,,,,72,
41,1462359450,,,,,,,,,,,,,,,,,,72,
42,1467138222,,,,,,,,,,,,,,,,,,75,
43,1471559470,,,,,,,,,,,,,,,,,,77,
44,1476260201,,,,,,,,,,,,,,,,,,72,
45,1480673011,,,,,,,,,,,,,,,,,,77,
46,1485904468,,,,,,,,,,,,,,,,,,77,
47,1490207414,,,,,,,,,,,,,,,,,,92,
48,1494482228,,,,,,,,,,,,,,,,,,93,
49,1499945451,,,,,,,,,,,,,,,,,,106,
50,1506054557,,,,,,,,,,,,,,,,,,110,
51,1512073215,,,,,,,,,,,,,,,,,,114,
52,1517045799,,,,,,,,,,,,,,,,,,93,
53,1522169419,,,,,,,,,,,,,,,,,,114,
54,1528130656,,,,,,,,,,,,,,,,,,119,
55,1533412778,,,,,,,,,,,,,,,,,,157,
56,1539350659,,,,,,,,,,,,,,,,,,169,
57,1544177770,,,,,,,,,,,,,,,,,,701,
58,1549522171,,,,,,,,,,,,,,,,,,704,
59,1556770221,,,,,,,,,,,,,,,,,,755,
60,1559723924,,,,,,,,,,,,,,,,,,766,
61,1560207606,,,,,,,,,,,,,,,,,,726,
62,1564485062,,,,,,,,,,,,,,,,,,726,
63,1568056857,,,,,,,,,,,,,,,,,,786,
64,1571126760,,,,,,,,,,,,,,,,,,986,
65,1575550563,,,,,,,,,,,,,,,,,,980,
66,1580410581,,,,,,,,,,,,,,,,,,994,
67,1583940873,,,,,,,,,,,,,,,,,,994,
68,1587556405,,,,,,,,,,,,,,,,,,1000,
69,1590691257,,,,,,,,,,,,,,,,,,947,
70,1594042897,,,,,,,,,,,,,,,,,,1133,
71,1597775083,,,,,,,,,,,,,,,,,,2920,
72,1599837063,,,,,,,,,,,,,,,,,,3202,
73,1602601223,,,,,,,,,,,,,,,,,,3330,
74,1604934093,,,,,,,,,,,,,,,,,,3318,
75,1607621319,,,,,,,,,,,,,,,,,,3485,
76,1613631799,,,,,,,,,,,,,,,,,,3507,
77,1617434095,,,,,,,,,,,,,,,,,,3543,
78,1621385327,,,,,,,,,,,,,,,,,,3699,
79,1625643645,,,,,,,,,,,,,,,,,,3856,
80,1629963385,,,,,,,,,,,,,,,,,,3942,
81,1634035922,,,,,,,,,,,,,,,,,,3996,
82,1638407320,,,,,,,,,,,,,,,,,,4169,
83,1642779504,,,,,,,,,,,,,,,,,,4205,
84,1646246711,,,,,,,,,,,,,,,,,,4287,
85,1649809569,,,,,,,,,,,,,,,,,,4369,
86,1654863945,,,,,,,,,,,,,,,,,,4579,
87,1659191276,,,,,,,,,,,,,,,,,,4645,
88,1662614336,,,,,,,,,,,,,,,,,,4687,
89,1666721675,,,,,,,,,,,,,,,,,,4738,
90,1670669018,,,,,,,,,,,,,,,,,,4860,
91,1675110388,,,,,,,,,,,,,,,,,,4932,
92,1678140848,,,,,,,,,,,,,,,,,,5058,
93,1682519778,,,,,,,,,,,,,,,,,,5139,
94,1686312306,,,,,,,,,,,,,,,,,,5234,
95,1689532086,,,,,,,,,,,,,,,,,,5302,
96,1693403319,,,,,,,,,,,,,,,,,,5504,
97,1696360123,,,,,,,,,,,,,,,,,,5623,
0,1568598076,,,,,,,,,,,,,,,,,,,2347
1,1569552863,,,,,,,,,,,,,,,,,,,2361
2,1571790338,,,,,,,,,,,,,,,,,,,2391
3,1572988354,,,,,,,,,,,,,,,,,,,2407
4,1575326213,,,,,,,,,,,,,,,,,,,2511
5,1575709886,,,,,,,,,,,,,,,,,,,2570
6,1578348374,,,,,,,,,,,,,,,,,,,2581
7,1579896431,,,,,,,,,,,,,,,,,,,2713
8,1580972114,,,,,,,,,,,,,,,,,,,2685
9,1583015076,,,,,,,,,,,,,,,,,,,4533
10,1583389193,,,,,,,,,,,,,,,,,,,4674
11,1584494990,,,,,,,,,,,,,,,,,,,4764
12,1585446795,,,,,,,,,,,,,,,,,,,4771
13,1586373785,,,,,,,,,,,,,,,,,,,4817
14,1587544489,,,,,,,,,,,,,,,,,,,4834
15,1588243880,,,,,,,,,,,,,,,,,,,4950
16,1589317684,,,,,,,,,,,,,,,,,,,4982
17,1590217407,,,,,,,,,,,,,,,,,,,5100
18,1592635820,,,,,,,,,,,,,,,,,,,5218
19,1593491819,,,,,,,,,,,,,,,,,,,5318
20,1594156268,,,,,,,,,,,,,,,,,,,5548
21,1594507337,,,,,,,,,,,,,,,,,,,5610
22,1595874890,,,,,,,,,,,,,,,,,,,5800
23,1596325441,,,,,,,,,,,,,,,,,,,5940
24,1597013951,,,,,,,,,,,,,,,,,,,6042
25,1597712386,,,,,,,,,,,,,,,,,,,6145
26,1598427232,,,,,,,,,,,,,,,,,,,6214
27,1599245235,,,,,,,,,,,,,,,,,,,6418
28,1600821043,,,,,,,,,,,,,,,,,,,6874
29,1601693989,,,,,,,,,,,,,,,,,,,6897
30,1602916303,,,,,,,,,,,,,,,,,,,6922
31,1603959184,,,,,,,,,,,,,,,,,,,7080
32,1604709752,,,,,,,,,,,,,,,,,,,7397
33,1606865614,,,,,,,,,,,,,,,,,,,7464
34,1607621265,,,,,,,,,,,,,,,,,,,7469
35,1610677683,,,,,,,,,,,,,,,,,,,7596
36,1612312272,,,,,,,,,,,,,,,,,,,7971
37,1613629265,,,,,,,,,,,,,,,,,,,8090
38,1614649056,,,,,,,,,,,,,,,,,,,8450
39,1616459369,,,,,,,,,,,,,,,,,,,8629
40,1617667415,,,,,,,,,,,,,,,,,,,8652
41,1619823230,,,,,,,,,,,,,,,,,,,9139
42,1622825011,,,,,,,,,,,,,,,,,,,9163
43,1624959180,,,,,,,,,,,,,,,,,,,9220
44,1625001788,,,,,,,,,,,,,,,,,,,9242
45,1627613895,,,,,,,,,,,,,,,,,,,9206
46,1628217783,,,,,,,,,,,,,,,,,,,9235
47,1629171420,,,,,,,,,,,,,,,,,,,9280
48,1630029342,,,,,,,,,,,,,,,,,,,9320
49,1631652538,,,,,,,,,,,,,,,,,,,9402
50,1634691161,,,,,,,,,,,,,,,,,,,9507
51,1635911386,,,,,,,,,,,,,,,,,,,9527
52,1636792228,,,,,,,,,,,,,,,,,,,9557
53,1639703255,,,,,,,,,,,,,,,,,,,9586
54,1639711711,,,,,,,,,,,,,,,,,,,9742
55,1642810296,,,,,,,,,,,,,,,,,,,9731
56,1644631625,,,,,,,,,,,,,,,,,,,9916
57,1645150899,,,,,,,,,,,,,,,,,,,9935
58,1647496056,,,,,,,,,,,,,,,,,,,9995
59,1648508691,,,,,,,,,,,,,,,,,,,10049
60,1650069911,,,,,,,,,,,,,,,,,,,10100
61,1651401402,,,,,,,,,,,,,,,,,,,10161
62,1651743619,,,,,,,,,,,,,,,,,,,10210
63,1653353150,,,,,,,,,,,,,,,,,,,10751
64,1655026376,,,,,,,,,,,,,,,,,,,10774
65,1655679817,,,,,,,,,,,,,,,,,,,10835
66,1656195022,,,,,,,,,,,,,,,,,,,10953
67,1656641674,,,,,,,,,,,,,,,,,,,10958
68,1658358890,,,,,,,,,,,,,,,,,,,10961
69,1658979163,,,,,,,,,,,,,,,,,,,10965
70,1659584846,,,,,,,,,,,,,,,,,,,10997
71,1660280721,,,,,,,,,,,,,,,,,,,11423
72,1660678653,,,,,,,,,,,,,,,,,,,11571
73,1661560389,,,,,,,,,,,,,,,,,,,11615
74,1663104271,,,,,,,,,,,,,,,,,,,11698
75,1663624022,,,,,,,,,,,,,,,,,,,11708
76,1665583469,,,,,,,,,,,,,,,,,,,11843
77,1666789727,,,,,,,,,,,,,,,,,,,12078
78,1668815294,,,,,,,,,,,,,,,,,,,12133
79,1670369471,,,,,,,,,,,,,,,,,,,12151
80,1671145928,,,,,,,,,,,,,,,,,,,12284
81,1673487447,,,,,,,,,,,,,,,,,,,12295
82,1674599143,,,,,,,,,,,,,,,,,,,12356
83,1676071765,,,,,,,,,,,,,,,,,,,12631
84,1676342003,,,,,,,,,,,,,,,,,,,12665
85,1677117321,,,,,,,,,,,,,,,,,,,12658
86,1677885803,,,,,,,,,,,,,,,,,,,12850
87,1678218126,,,,,,,,,,,,,,,,,,,13012
88,1679621621,,,,,,,,,,,,,,,,,,,13166
89,1680893055,,,,,,,,,,,,,,,,,,,13368
90,1681442901,,,,,,,,,,,,,,,,,,,13379
91,1684427641,,,,,,,,,,,,,,,,,,,13401
92,1685491539,,,,,,,,,,,,,,,,,,,13395
93,1686820373,,,,,,,,,,,,,,,,,,,13419
94,1687460322,,,,,,,,,,,,,,,,,,,13426
95,1689301196,,,,,,,,,,,,,,,,,,,13502
96,1689897354,,,,,,,,,,,,,,,,,,,13530
97,1691093575,,,,,,,,,,,,,,,,,,,13532
98,1692322364,,,,,,,,,,,,,,,,,,,13588
99,1694122698,,,,,,,,,,,,,,,,,,,13592
100,1695324357,,,,,,,,,,,,,,,,,,,13988
101,1696005922,,,,,,,,,,,,,,,,,,,14030
